"Sample_Number","k__Viruses.f__Phycodnaviridae.g__Prasinovirus","k__Viruses.o__Caudovirales.f__Siphoviridae.g__Sfi1unalikevirus","k__Viruses.o__Herpesvirales.f__Herpesviridae.g__Simplexvirus","k__Viruses.o__Caudovirales.f__Siphoviridae.g__C2likevirus","k__Viruses.f__Poxviridae.g__Parapoxvirus","k__Viruses.f__Bicaudaviridae.g__Bicaudavirus","k__Viruses.o__Picornavirales.f__Picornaviridae.g__Aquamavirus","k__Viruses.o__Herpesvirales.f__Herpesviridae.g__Mardivirus","k__Viruses.f__Baculoviridae.g__Deltabaculovirus","k__Viruses.f__Papillomaviridae.g__Taupapillomavirus","k__Viruses.o__Caudovirales.f__Myoviridae.g__I3likevirus","k__Viruses.f__Virgaviridae.g__Furovirus","k__Viruses.o__Herpesvirales.f__Herpesviridae.g__Proboscivirus","k__Viruses.o__Herpesvirales.f__Alloherpesviridae.g__Ictalurivirus","k__Viruses.f__Inoviridae.g__Inovirus","k__Viruses.f__Marseilleviridae.g__Marseillevirus","k__Viruses.o__Nidovirales.f__Coronaviridae.g__Gammacoronavirus","k__Viruses.f__Ascoviridae.g__Ascovirus","k__Viruses.o__Caudovirales.f__Myoviridae.g__Spo1virus","k__Viruses.f__Circoviridae.g__Gyrovirus","k__Viruses.o__Picornavirales.f__Picornaviridae.g__Sicinivirus","k__Viruses.o__Picornavirales.f__Picornaviridae.g__Dicipivirus","k__Viruses.f__Poxviridae.g__Molluscipoxvirus","k__Viruses.o__Tymovirales.f__Tymoviridae.g__Tymovirus","k__Viruses.f__Flaviviridae.g__Hepacivirus","k__Viruses.f__Poxviridae.g__Alphaentomopoxvirus","k__Viruses.f__Anelloviridae.g__Gammatorquevirus","k__Viruses.g__Tenuivirus","k__Viruses.f__Hepeviridae.g__Piscihepevirus","k__Viruses.f__Virgaviridae.g__Pomovirus","k__Viruses.f__Caulimoviridae.g__Badnavirus","k__Viruses.f__Polydnaviridae.g__Ichnovirus","k__Viruses.o__Herpesvirales.f__Herpesviridae.g__Percavirus","k__Viruses.f__Papillomaviridae.g__Betapapillomavirus","k__Viruses.f__Togaviridae.g__Alphavirus","k__Viruses.o__Tymovirales.f__Betaflexiviridae.g__Trichovirus","k__Viruses.o__Caudovirales.f__Podoviridae.g__Bcep22likevirus","k__Viruses.o__Tymovirales.f__Alphaflexiviridae.g__Sclerodarnavirus","k__Viruses.f__Phycodnaviridae.g__Coccolithovirus","k__Viruses.o__Ligamenvirales.f__Lipothrixviridae.g__Deltalipothrixvirus","k__Viruses.f__Retroviridae.g__Alpharetrovirus","k__Viruses.f__Poxviridae.g__Capripoxvirus","k__Viruses.f__Poxviridae.g__Cervidpoxvirus","k__Viruses.g__Higrevirus","k__Viruses.o__Caudovirales.f__Podoviridae.g__Phikmvlikevirus","k__Viruses.o__Caudovirales.f__Siphoviridae.g__T5likevirus","k__Viruses.o__Nidovirales.f__Coronaviridae.g__Bafinivirus","k__Viruses.f__Baculoviridae.g__Alphabaculovirus","k__Viruses.f__Papillomaviridae.g__Mupapillomavirus","k__Viruses.o__Caudovirales.f__Siphoviridae.g__Lambdalikevirus","k__Viruses.f__Papillomaviridae.g__Phipapillomavirus","k__Viruses.f__Papillomaviridae.g__Omegapapillomavirus","k__Viruses.o__Nidovirales.f__Coronaviridae.g__Betacoronavirus","k__Viruses.f__Phycodnaviridae.g__Chlorovirus","k__Viruses.f__Hypoviridae.g__Hypovirus","k__Viruses.f__Anelloviridae.g__Alphatorquevirus","k__Viruses.o__Picornavirales.f__Dicistroviridae.g__Aparavirus","k__Viruses.g__Pithovirus","k__Viruses.f__Phycodnaviridae.g__Phaeovirus","k__Viruses.o__Picornavirales.f__Picornaviridae.g__Hepatovirus","k__Viruses.f__Virgaviridae.g__Tobamovirus","k__Viruses.o__Caudovirales.f__Siphoviridae.g__Barnyardlikevirus","k__Viruses.f__Baculoviridae.g__Betabaculovirus","k__Viruses.f__Arenaviridae.g__Arenavirus","k__Viruses.o__Caudovirales.f__Myoviridae.g__P100virus","k__Viruses.o__Caudovirales.f__Myoviridae.g__Spounalikevirus","k__Viruses.f__Partitiviridae.g__Betapartitivirus","k__Viruses.f__Reoviridae.g__Cypovirus","k__Viruses.o__Tymovirales.f__Betaflexiviridae.g__Carlavirus","k__Viruses.o__Nidovirales.f__Coronaviridae.g__Alphacoronavirus","k__Viruses.o__Herpesvirales.f__Herpesviridae.g__Iltovirus","k__Viruses.f__Bromoviridae.g__Bromovirus","k__Viruses.f__Closteroviridae.g__Closterovirus","k__Viruses.o__Caudovirales.f__Myoviridae.g__Viunalikevirus","k__Viruses.o__Caudovirales.f__Siphoviridae.g__Phicbklikevirus","k__Viruses.f__Fuselloviridae.g__Alphafusellovirus","k__Viruses.f__Bunyaviridae.g__Orthobunyavirus","k__Viruses.o__Picornavirales.f__Picornaviridae.g__Sapelovirus","k__Viruses.f__Bunyaviridae.g__Tospovirus","k__Viruses.f__Mimiviridae.g__Cafeteriavirus","k__Viruses.f__Potyviridae.g__Potyvirus","k__Viruses.o__Herpesvirales.f__Herpesviridae.g__Muromegalovirus","k__Viruses.o__Picornavirales.f__Picornaviridae.g__Salivirus","k__Viruses.o__Caudovirales.f__Podoviridae.g__N4likevirus","k__Viruses.f__Retroviridae.g__Lentivirus","k__Viruses.o__Picornavirales.f__Secoviridae.g__Fabavirus","k__Viruses.f__Polydnaviridae.g__Bracovirus","k__Viruses.o__Herpesvirales.f__Herpesviridae.g__Rhadinovirus","k__Viruses.f__Luteoviridae.g__Polerovirus","k__Viruses.f__Flaviviridae.g__Pestivirus","k__Viruses.f__Poxviridae.g__Betaentomopoxvirus","k__Viruses.o__Herpesvirales.f__Alloherpesviridae.g__Cyprinivirus","k__Viruses.o__Mononegavirales.f__Nyamiviridae.g__Nyavirus","k__Viruses.f__Retroviridae.g__Betaretrovirus","k__Viruses.f__Microviridae.g__Microvirus","k__Viruses.o__Caudovirales.f__Siphoviridae.g__Andromedalikevirus","k__Viruses.f__Iridoviridae.g__Lymphocystivirus","k__Viruses.f__Caliciviridae.g__Vesivirus","k__Viruses.f__Poxviridae.g__Avipoxvirus","k__Viruses.o__Mononegavirales.f__Paramyxoviridae.g__Rubulavirus","k__Viruses.f__Chrysoviridae.g__Chrysovirus","k__Viruses.g__Emaravirus","k__Viruses.f__Astroviridae.g__Avastrovirus","k__Viruses.o__Picornavirales.f__Secoviridae.g__Cheravirus","k__Viruses.o__Ligamenvirales.f__Rudiviridae.g__Rudivirus","k__Viruses.o__Herpesvirales.f__Herpesviridae.g__Varicellovirus","k__Viruses.f__Polyomaviridae.g__Polyomavirus","k__Viruses.o__Herpesvirales.f__Alloherpesviridae.g__Batrachovirus","k__Viruses.o__Picornavirales.f__Picornaviridae.g__Enterovirus","k__Viruses.o__Picornavirales.f__Secoviridae.g__Waikavirus","k__Viruses.o__Caudovirales.f__Myoviridae.g__T4likevirus","k__Viruses.f__Poxviridae.g__Yatapoxvirus","k__Viruses.f__Adenoviridae.g__Mastadenovirus","k__Viruses.o__Herpesvirales.f__Herpesviridae.g__Cytomegalovirus","k__Viruses.o__Picornavirales.f__Picornaviridae.g__Kobuvirus","k__Viruses.o__Caudovirales.f__Podoviridae.g__T7likevirus","k__Viruses.o__Herpesvirales.f__Herpesviridae.g__Roseolovirus","k__Viruses.f__Adenoviridae.g__Aviadenovirus","k__Viruses.f__Iridoviridae.g__Ranavirus","k__Viruses.f__Closteroviridae.g__Ampelovirus","k__Viruses.f__Orthomyxoviridae.g__Isavirus","k__Viruses.f__Poxviridae.g__Orthopoxvirus","k__Viruses.f__Papillomaviridae.g__Gammapapillomavirus","k__Viruses.f__Phycodnaviridae.g__Prymnesiovirus","k__Viruses.f__Bunyaviridae.g__Hantavirus","k__Viruses.o__Picornavirales.f__Picornaviridae.g__Senecavirus","k__Viruses.o__Caudovirales.f__Siphoviridae.g__L5likevirus","k__Viruses.o__Picornavirales.f__Dicistroviridae.g__Cripavirus","k__Viruses.o__Caudovirales.f__Siphoviridae.g__Tunalikevirus","k__Viruses.f__Hytrosaviridae.g__Muscavirus","k__Viruses.o__Herpesvirales.f__Herpesviridae.g__Macavirus","k__Viruses.f__Closteroviridae.g__Crinivirus","k__Viruses.f__Papillomaviridae.g__Lambdapapillomavirus","k__Viruses.f__Papillomaviridae.g__Alphapapillomavirus","k__Viruses.f__Partitiviridae.g__Alphapartitivirus","k__Viruses.f__Mimiviridae.g__Mimivirus","k__Viruses.o__Herpesvirales.f__Malacoherpesviridae.g__Ostreavirus","k__Viruses.o__Tymovirales.f__Alphaflexiviridae.g__Potexvirus","k__Viruses.o__Caudovirales.f__Siphoviridae.g__Sfi21dtunalikevirus","k__Viruses.f__Retroviridae.g__Gammaretrovirus","k__Viruses.f__Circoviridae.g__Circovirus","k__Viruses.o__Tymovirales.f__Betaflexiviridae.g__Foveavirus","k__Viruses.o__Picornavirales.f__Secoviridae.g__Nepovirus","k__Viruses.o__Picornavirales.f__Iflaviridae.g__Iflavirus","k__Viruses.f__Iridoviridae.g__Iridovirus","k__Viruses.f__Flaviviridae.g__Flavivirus","k__Viruses.f__Astroviridae.g__Mamastrovirus","k__Viruses.f__Virgaviridae.g__Pecluvirus","k__Viruses.g__Bacilladnavirus","k__Viruses.f__Bromoviridae.g__Cucumovirus","k__Viruses.o__Herpesvirales.f__Herpesviridae.g__Lymphocryptovirus","k__Viruses.f__Nimaviridae.g__Whispovirus","k__Viruses.f__Hytrosaviridae.g__Glossinavirus","k__Viruses.f__Virgaviridae.g__Hordeivirus","k__Viruses.o__Caudovirales.f__Siphoviridae.g__Skunalikevirus","k__Viruses.o__Caudovirales.f__Myoviridae.g__Cp220likevirus","k__Viruses.o__Caudovirales.f__Myoviridae.g__Phikzlikevirus","k__Viruses.f__Endornaviridae.g__Endornavirus","k__Viruses.f__Orthomyxoviridae.g__Influenzavirus_C","k__Viruses.f__Poxviridae.g__Leporipoxvirus","k__Viruses.o__Caudovirales.f__Podoviridae.g__Phi29likevirus","k__Viruses.f__Caulimoviridae.g__Cavemovirus","k__Viruses.f__Anelloviridae.g__Betatorquevirus","k__Viruses.f__Caulimoviridae.g__Caulimovirus","k__Viruses.o__Caudovirales.f__Myoviridae.g__Pbunalikevirus","k__Viruses.f__Reoviridae.g__Phytoreovirus","k__Viruses.f__Bromoviridae.g__Alfamovirus","k__Viruses.o__Caudovirales.f__Podoviridae.g__Sp6likevirus","k__Viruses.f__Sphaerolipoviridae.g__Gammasphaerolipovirus","k__Viruses.f__Flaviviridae.g__Pegivirus","k__Viruses.o__Mononegavirales.f__Rhabdoviridae.g__Vesiculovirus","k__Viruses.o__Mononegavirales.f__Rhabdoviridae.g__Lyssavirus","k__Viruses.f__Hepadnaviridae.g__Orthohepadnavirus","k__Viruses.o__Tymovirales.f__Alphaflexiviridae.g__Allexivirus","k__Viruses.f__Parvoviridae.g__Ambidensovirus","k__Viruses.o__Picornavirales.f__Secoviridae.g__Comovirus","k__Viruses.g__Polemovirus","k__Viruses.f__Leviviridae.g__Levivirus","k__Viruses.o__Caudovirales.f__Podoviridae.g__Phieco32likevirus","k__Viruses.f__Reoviridae.g__Aquareovirus","k__Viruses.f__Bromoviridae.g__Ilarvirus","k__Viruses.f__Narnaviridae.g__Narnavirus","k__Viruses.f__Totiviridae.g__Totivirus","k__Viruses.o__Caudovirales.f__Siphoviridae.g__Chilikevirus","k__Viruses.f__Potyviridae.g__Tritimovirus","k__Viroids.f__Pospiviroidae.g__Coleviroid","k__Viruses.f__Papillomaviridae.g__Dyopipapillomavirus"
"s15679",-1.851193881,0.080952172,2.440890266,-0.183740121,-1.176056745,-0.760448694,-0.445052305,5.786121771,-2.485014663,-1.055939158,-3.125259615,3.3728889,5.984458009,2.501142349,0.256313829,0.662857583,1.733227037,-0.601306011,2.102969522,-0.187882632,1.335095289,2.68768962,3.386201803,1.110574702,1.856891351,-0.216203541,-0.913892468,-2.463919347,-0.345551832,-0.601585757,-0.138926451,10.88109293,-0.965824746,-0.01893996,2.931690196,0.116515177,0.246614119,-1.485636357,0.27791148,-0.127234543,4.600442493,-2.547536456,-1.460064163,3.143604003,-1.147242613,0.256885242,0.15020329,5.894850988,0.284165418,-0.008451619,0.44551109,1.458787173,-0.490190478,3.936217221,0.598458441,-0.23730407,0.408418879,-0.11071231,3.150700444,-0.411993238,0.322485785,0.272974991,6.797507323,0.205814227,0.018531735,-0.180266397,1.947423049,1.847647905,2.584452664,0.397314994,-0.278192434,3.362817502,-2.027540831,-0.682724423,0.228044725,0.113561648,0.959918428,-1.20793062,3.35735974,-1.377207824,3.935790047,3.758897185,0.737943741,0.161871073,2.111445857,-0.757483467,5.934140033,7.596744408,0.041087899,5.498474101,-2.857175286,5.602703346,-3.110935297,2.111407349,0.232278118,-0.155347323,-0.028764078,-0.039204836,-2.324602269,0.902957603,-4.161583484,-4.602094753,1.884578499,-0.129074984,0.708616471,1.576825089,1.180677501,-1.911446948,-0.434700793,0.229669132,0.760306984,-2.762532641,-1.203614525,9.085162818,0.463384604,5.502134433,2.736581548,2.225221656,0.551356758,0.319828364,-0.767803867,-3.100470483,0.102938869,8.09889891,-0.418046033,2.743582421,-1.825292815,-0.32821168,1.534791506,-5.093070711,1.544366804,-5.115793626,-1.360438772,3.418646703,1.915811844,1.029494226,-1.146427963,-0.733455342,0.675689259,10.30212399,-2.397862486,0.264919709,-1.852238389,3.279800219,-2.450010587,3.463393612,2.492895283,-0.204722576,-1.953560221,0.445764461,-0.547893105,9.31773771,2.30236187,0.508492528,0.225777177,-1.629494237,0.200806755,0.298074126,0.258315565,2.354448294,0.247750808,0.272631751,0.216057328,0.257253389,0.260800056,0.214051663,0.287478004,0.230430229,0.247686777,0.283951096,0.244307202,0.344646442,-0.092172339,0.264180136,0.278322389,0.246081858,0.285820017,0.276434124,0.281904699,0.280562863,0.280223088,0.289909149,0.286631151,0.277636697,0.284066264,0.283303306,0.273852076
"s15693",-1.652394746,0.410564965,3.276958447,-0.065120056,-0.90100346,-0.555087102,-0.288306698,3.548687935,-2.323111753,2.975350484,-2.890659207,2.031092962,5.269376629,2.782136385,0.374914546,0.934867512,2.525635531,3.008176067,-0.824827058,0.068427427,-0.924495324,1.974701633,3.365617072,-1.928896205,0.332054005,-0.002348637,-3.002681327,-2.253737846,-0.263393141,-0.365377624,0.037034883,10.11056139,-3.427300961,0.225564923,-2.413896905,0.345067107,0.49646864,-1.47413714,0.22977369,0.110740386,5.526850959,-2.46745606,-1.303094861,3.199082213,-1.044125257,0.494228684,-2.060881914,5.832587422,0.536475412,-0.042214445,0.736629574,1.084608352,-0.321904515,1.607878096,1.476195801,-0.033328048,0.484502193,0.156341876,4.25670014,2.995697696,-0.36922488,0.526695345,7.261122985,0.19721036,0.246505481,-0.099695191,1.643298636,-0.214482836,2.602835221,0.467404819,0.033081816,2.093457826,-1.841860375,-0.371544384,2.792904898,0.36571631,0.850896751,-1.135475897,3.877751237,-1.288859541,4.712132496,1.531408837,0.785214402,0.385616501,2.3825854,-0.637350946,5.716041346,7.732455119,0.291205534,4.862431478,-2.668029627,4.575379972,-2.802774505,2.183744645,-0.832519392,0.099348702,0.255797568,0.164963027,-2.352803219,4.310266104,-4.090706944,-4.252800916,2.111523786,0.150253486,0.990562395,1.664332626,1.179694259,-1.816041951,-0.171110982,-2.00033507,0.187881877,-2.520295706,-1.341095541,9.06366216,-2.049598416,4.572723126,2.515356708,2.733813897,0.526828264,0.54218722,-0.557727302,-0.675604914,0.415588075,6.386365218,-0.168491154,-0.755748271,-1.755641382,-0.148187563,3.729617728,-2.626752157,0.594497823,-4.996086181,-1.095025798,0.463930912,1.52312545,-1.054234924,-0.922800869,2.477289506,0.841514018,10.75559358,1.563220725,0.526275422,-1.64982307,1.351792869,-2.310982774,2.804677444,3.308453058,0.009725567,-1.89358207,0.592470528,-0.257725336,10.87140231,2.055940185,-1.763382173,0.430364367,-1.434721821,0.530632507,0.580632657,0.516021896,0.158275121,0.515635026,0.528077673,0.480515374,0.511473197,0.522265727,0.464243307,0.486259717,0.500624224,0.487397385,0.538791128,0.508383847,0.575045163,0.066151636,0.519647493,0.524912222,0.508324958,0.540324381,0.540493683,0.538209078,0.534143907,0.534698026,0.5445727,0.541314952,0.532689781,0.53866335,0.53834954,0.528025181
"s15603",-0.537433387,2.868310527,2.658838408,-0.007446173,-3.196147977,-1.810125682,1.722354959,4.405738964,-0.958829456,0.388683146,-4.279160328,1.740523187,4.605197019,-0.766710656,0.411584905,0.90414283,2.327134087,0.594302055,1.563981227,-0.467921474,0.574754237,1.503205807,3.83917706,0.083156997,1.232548748,0.608251899,-2.189883747,-1.257438192,0.592324502,-1.288650374,-0.360326723,10.56582381,-2.33347976,-0.409259059,2.394407255,0.261678056,0.526255862,2.200012909,-4.202758809,-0.216843953,4.498841325,-1.438708692,-1.050755871,1.527485794,1.084378101,0.491024442,0.574405247,5.217241153,0.56880937,0.200073961,0.791619661,1.985568819,-1.137582537,3.870206194,0.349460405,-0.486883423,0.581874335,-0.057284788,-0.270658499,1.310195808,-0.776109532,0.525432974,5.548899386,1.275733948,0.059849369,1.931025038,1.611931073,1.964321877,1.565389595,2.020877023,-0.543198629,3.317877262,-4.584384578,0.982411813,0.490272834,0.228516346,2.430328851,-0.097528957,3.976103753,-0.878587907,3.011364114,3.889679175,0.991986646,0.287884667,1.223014948,-2.629257523,6.716484495,4.192806631,0.11314039,5.321518437,-1.579242106,5.87832105,-1.173996074,2.358747916,-0.456773914,-0.165090464,-0.831776514,2.04363256,-1.681846868,1.311508083,-2.970249012,-3.292317122,2.109903799,2.447104057,0.07207847,0.804019221,2.822609843,0.125742139,-1.590073758,-1.697780053,0.185704671,-0.916316641,-0.362290051,8.763246475,-0.961181149,4.945802034,2.590489146,-0.112097925,0.956273918,3.000939064,1.046878259,-1.309082018,2.589032427,6.525450629,-0.882218564,0.385211393,-0.511916121,-1.004607552,1.89065492,-4.881967902,-0.040385354,-3.922284392,-0.243007363,6.352415898,1.235521825,0.203950336,-3.220974159,1.796294911,0.709769234,11.02406229,-1.119206023,0.535876129,-0.712785098,2.037047653,-0.874283172,2.137885332,3.01831517,1.965740795,-0.779890148,0.540946094,-0.195986269,7.314624469,1.176304378,-0.348235279,0.442672879,0.03898289,0.505268238,0.65708832,0.547476828,0.390458414,3.578911924,0.545577987,0.476158788,0.532322668,0.5538941,0.446853817,0.583196888,0.568547086,0.517918844,0.542151363,0.512641732,0.675199328,0.497342409,0.5578094,0.57031953,0.511973729,0.572135962,0.571707201,0.568969303,0.566796837,0.575970876,0.576662698,0.573660816,0.55699533,0.571218894,0.571479575,0.562694545
"s15673",-0.739888884,1.280144981,0.10757431,0.912023631,-0.05234898,0.280011537,2.790595293,7.558872694,-1.440401841,2.19034905,-2.038330588,1.502006886,1.948500259,-1.489923129,1.193894921,1.782740401,2.371931408,-0.216827993,0.927095456,0.935117655,-0.180561549,1.906643779,2.125019757,-1.272666293,0.476856842,0.906737038,-2.251127133,-1.319985842,0.546982385,0.512696322,0.973621979,9.610567071,-2.499201373,1.054426102,1.592864325,1.181718837,1.339186728,-0.503554379,-3.230811285,0.997384172,2.87555818,-1.569748623,-0.488571303,0.925151857,-0.122167344,1.330523049,-1.284223372,3.864666398,1.387877659,0.662739255,1.590074737,2.1482624,0.537081193,5.429198378,-0.960208984,0.821500204,1.251215382,0.991088727,5.566972422,0.495518725,-1.872411988,1.388774903,3.800820803,1.143534441,1.108622433,0.759086836,0.61364124,0.614610881,2.719236022,1.384282496,0.846708559,2.26202357,-0.964909094,0.438848856,1.339055471,1.22235889,1.65902628,-0.222851673,2.196093815,-0.432780125,0.984741797,2.312226135,-0.770986373,1.239776995,3.23748224,0.089595634,4.738723876,6.141429933,1.134495467,5.723008077,-2.017638445,5.544708353,-1.978584453,2.987857566,0.797200098,1.015094745,1.043487256,0.931095695,-1.403861141,1.969047305,-3.314461166,-3.494066938,-0.226630965,0.96482792,1.847279868,0.212128846,1.750741106,-0.992682781,0.594276966,-1.246983851,0.981628976,-1.870803572,-0.679684586,5.781601536,-1.107452278,3.843934232,3.971785181,-0.064238568,1.304560173,1.389679001,0.326613513,-2.208762609,1.25687077,5.20036651,0.664522027,2.204630721,-0.904967261,0.702312407,2.273304612,-3.927079707,1.392931455,-4.124813057,-0.277125241,-1.040318378,2.443381728,-0.280595831,2.240263984,0.070115187,1.702352957,11.56465185,-1.287535642,1.368800625,-0.902486714,-0.222869428,-1.725846018,1.67682221,3.702486915,0.884238146,-1.085114301,1.445352212,0.87708143,6.672119828,-0.57855976,-0.818294121,1.317890576,-0.619573635,1.371024592,1.422575341,1.366647571,1.08813271,1.359086567,1.366846117,1.307711302,1.357361446,1.371048001,1.320930637,1.385230243,1.344325199,1.347549657,1.389699227,1.359222387,1.479614756,1.119777338,1.371142937,1.385562205,1.354521556,1.391533824,1.387879316,1.383512911,1.385419844,1.381172929,1.395382661,1.387069674,1.383556635,1.389849412,1.389400712,1.379607564
"s15734",-1.477234727,0.606681876,1.778324924,0.126886701,-0.785679449,-0.331284145,-0.072212434,7.350302121,-2.119378761,-0.939101605,-2.645517561,2.154023717,4.890421579,-0.018114916,0.581257148,1.128158251,1.833200654,1.246103656,2.535745513,0.27807255,-0.848691547,1.574015345,-1.264251639,-1.950380542,2.201385745,0.269254546,-2.796810522,-1.965006999,-0.031611825,-0.062248533,0.339761761,9.299903341,-3.219664796,0.403169497,-0.03181314,0.568063594,0.687520926,2.040671733,-3.894616867,0.365288784,2.122685856,-2.175800733,-1.055875195,0.284734176,-0.759021645,0.700096424,1.781361645,4.345143196,0.736984121,0.195035016,0.936818481,1.282686743,-0.041818056,1.603990402,0.56707263,0.239807563,0.631813179,0.350848156,0.592175928,2.231237706,-2.593028522,0.735493013,3.015370662,0.53620429,0.47345186,0.095840664,1.748862933,0.002684968,2.254442212,0.630557886,0.242026163,-0.802248737,-1.574630321,-0.203767115,0.686305948,0.580882816,1.022796696,1.482201704,-1.853991597,-1.096362981,4.465580927,1.577766379,0.972170328,0.543695205,2.587518293,-0.470460549,6.461107669,5.645626741,0.490469387,1.806061893,-2.537820573,4.192697969,-2.606601486,2.480675892,-1.051359675,0.320064981,0.430730332,0.324557515,-2.088846406,1.359037449,-3.890304126,-4.132873159,-0.871136374,0.296002134,1.203130191,1.805996649,2.131346758,1.551360716,0.040868864,1.894424494,0.344650714,-2.422629468,2.016642991,7.483002823,-1.904687169,3.01094954,2.503020954,-0.916894564,3.005106997,0.805952798,-0.291618479,-2.865207275,0.611570746,5.731301337,0.050056873,-0.672789798,-1.564621294,0.082145929,1.55376798,-4.68127599,-1.5672755,-4.785399685,-0.929046266,14.46811072,1.842070934,-0.82344424,-0.703046563,-0.452718227,1.041021789,6.733399243,-2.054569774,0.723704372,-1.51620158,1.377438628,-2.405531751,1.63646777,3.256047175,0.256375998,-1.602234202,0.81411535,8.458488943,8.223348692,1.133916905,-1.417066459,0.597267819,-1.23201156,0.71877446,0.796680441,0.71516084,0.26953468,0.699158432,0.725292149,0.678757554,0.711771085,0.716309001,0.666237816,0.736980391,0.69797736,0.698133011,0.741492598,0.709860591,0.801335898,0.432267561,0.706000019,0.733634053,0.703005905,0.740675066,0.742020866,0.738084882,0.731722454,0.719272058,0.748333692,0.744129352,0.732419704,0.741243883,0.738981156,0.729423117
"s15636",0.41929905,0.476585697,3.82096898,0.208484705,0.595320288,-1.185195047,0.635031082,4.85771843,-2.842812756,-0.864391237,-2.431117431,1.369323152,4.938604133,-0.651613683,0.501866036,1.159720061,0.761673789,1.509906344,1.104017935,-0.290477319,1.288019674,1.712565786,4.099945309,-1.074380021,0.336713545,0.91526068,-3.617140976,-2.074818212,-3.071516259,1.421640947,-0.059925357,10.35234909,-1.921788541,0.205728926,1.652118313,0.514329346,0.74930423,0.03908643,-2.861746653,0.043247748,4.162353353,-2.38216974,-2.095175687,0.681034725,-2.139197084,0.701894391,-1.435644268,5.138574751,0.791461874,0.491653266,1.014311714,4.443955332,-1.573019676,2.517672948,-1.481359016,-0.017898471,0.819785069,0.222099702,2.587102528,0.425328848,-1.040554325,0.758668833,6.014515203,-1.616778644,0.410284126,-0.304726934,0.300474972,-0.344774167,2.302218565,1.555315531,-0.250112068,2.363546044,-1.922512184,-0.852968887,0.715205573,0.558001658,0.3924057,-1.03498694,3.686243254,0.296880685,2.690259471,3.111284587,0.256531048,0.564682365,3.889305261,-1.244779488,6.756510151,6.86345357,0.37624068,6.744912319,-2.610562387,5.893689225,-1.590231692,2.421356855,0.547868517,-0.0962912,-0.044427908,-0.74326968,-1.67015954,1.60823534,-2.802552439,-3.816216926,0.902946346,-0.119241164,0.603290499,0.976678454,2.185268574,0.330210721,1.015668214,-0.932623475,0.591442291,-4.049008056,-5.054484787,8.558189093,0.358649168,5.114188444,2.19175765,-0.062356294,1.867357616,0.469015237,0.611075787,-2.500071942,0.487079212,7.059410368,-0.471464038,0.912102312,-3.460314795,-1.98962406,4.503025072,-3.738477064,-0.046092563,-6.677879437,-1.681574316,-3.709594278,0.745574402,0.054523802,-2.396999106,0.807365259,0.910870983,10.81562395,-2.979331967,0.782388761,-1.036301173,0.694621202,-1.881431147,1.005856953,1.903691015,0.116876387,-1.230594832,0.714190252,-0.211927352,7.678763534,1.987493411,-0.028752037,0.693687695,0.142018939,0.744768736,0.888886284,0.740089201,3.038324898,0.657345393,0.778243356,0.714761724,0.757003645,0.78076559,0.684577702,0.810350791,0.804333179,0.763357112,0.765693762,0.763680556,0.47404246,0.69228754,0.781815729,0.776457336,0.755368056,0.796270617,0.797536813,0.786445593,0.791979794,0.800652033,0.801515139,0.793808653,0.788921832,0.793556614,0.795176335,0.78765681
"s16194",-0.154510347,0.17125715,3.374956872,-0.019883713,-1.267810698,-0.88299521,-1.361922071,3.602196095,-3.657240948,2.302136796,-3.861391399,1.544911304,4.576540083,-1.213687269,0.226589466,0.793286634,0.385410038,0.4287352,1.62688323,-0.119699999,-1.747757883,1.366821984,3.109829624,-0.005674226,0.568184135,-0.454301498,-1.461722172,-3.106213002,-1.569895819,-0.945810488,-0.076809129,9.853309308,-2.409525856,-0.052639605,1.401514579,0.145162817,0.356619296,-0.204055454,-3.946684703,-0.053269062,5.168063388,-3.569736558,-2.569356862,0.986705108,-1.337019287,0.329295483,-0.442780805,3.967844301,0.396155393,-0.13107758,0.613913757,2.019451235,1.397976176,2.804358913,-3.641028418,-0.21799203,0.614708039,-0.054285634,2.365328399,-1.405119409,-0.544174567,0.396111329,4.9266721,-0.273433556,2.41015547,-0.534096508,1.111981523,-0.558568281,2.391704373,0.388984381,-0.239224088,2.632761834,0.10551254,-0.678869276,0.362327484,0.218796253,0.705534354,0.887596041,2.045630456,-1.657402295,3.065053014,2.033521016,0.52949713,0.229458591,2.141357232,0.630176657,6.235903939,5.876960563,0.121424959,3.958102659,-3.42659901,5.139175035,-3.580755426,4.699439227,-0.648409235,-0.129434503,-0.206019894,-0.24168199,-1.186524889,1.152628,-2.513615006,-2.588430166,0.491699996,-0.214267831,0.718867525,1.459900474,2.058086441,-2.700719091,-1.973658103,-2.262737488,0.477581498,-4.492160935,0.267560006,7.9272041,1.12190128,4.077171065,1.212512576,-3.34365163,1.636638096,0.136480569,-1.219482633,-1.842893897,0.255345009,5.873778401,-0.449251571,0.565563008,-2.192920284,-0.985732345,2.002718406,-3.424762643,-0.261482076,-5.835657281,-2.362753388,2.32979028,0.905073242,0.599195149,0.940724733,2.336588912,0.708287691,9.007373761,0.4616462,0.369880293,-0.260028936,1.177405972,-2.465708978,1.478470395,2.610543024,-0.199333269,-0.423560028,-0.174403802,-0.569402818,8.350014981,0.490481337,-0.198297552,0.341558416,-2.013237989,0.367494893,0.452623634,0.373522143,0.640504095,0.324977467,0.375063041,0.334065841,0.363253999,0.382581494,0.319495843,0.406125911,0.404471638,0.359856855,0.398102302,0.365615795,0.475213967,0.287163446,0.388441772,0.397434541,0.364634776,0.400287895,0.395707203,0.390500477,0.395744785,0.402833543,0.403362954,0.396850082,0.389804094,0.400385415,0.399617672,0.392367164
"s16305",-0.980282932,1.10363367,2.061151913,0.623838495,-0.288727654,0.16566765,0.42473936,6.747718242,-1.622426966,1.879778284,-2.148565766,1.272463888,4.00886175,-1.843091216,1.078208943,1.625110045,2.330152449,3.121567074,1.241283929,0.775024344,-0.351739752,0.692455517,1.554628251,0.868499348,1.041225254,0.76620634,-2.299858728,-1.468055204,0.465339969,0.434703261,0.836713555,9.339869454,-2.722713001,0.900121292,2.535527982,1.065015388,1.184472721,1.689626621,-3.397665073,0.862240579,7.011955074,-1.678848938,-0.558923401,3.103614066,-0.26206985,1.197048219,-1.422126278,3.619702569,1.233935915,0.691986811,1.433770276,4.101566632,0.455133739,5.270867198,-1.25790367,0.736759358,1.128764973,0.84779995,3.411055817,0.406261406,0.225851367,1.232444808,5.834250552,1.033156085,0.970403655,0.592792459,1.35947151,0.499636762,2.30393503,1.127509681,0.738977957,2.864628059,-1.077678526,0.29318468,1.183257743,1.077834611,1.519748491,-0.342774596,3.500941192,-0.599411186,3.196997975,2.074718174,-0.852805972,1.040647,3.084470088,0.026491246,5.138141081,8.46450663,0.987421182,6.69533111,-2.040868778,5.341726461,-2.109649691,2.977627687,0.36312996,0.817016776,0.927682127,0.82150931,-1.591894611,1.855989244,-3.393352332,-3.635921364,-0.374184579,0.792953929,1.700081985,3.15094535,1.857780399,-1.12161249,0.537820658,-1.30906343,3.163530604,-1.925677673,-0.656330216,9.745489364,-1.407735374,3.507901334,2.999972748,-0.41994277,4.350055698,1.302904593,0.205333316,-2.36825548,1.108522541,7.766673046,0.547008668,-0.175838003,-1.0676695,0.579097724,2.050719775,-4.184324195,-1.070323705,-4.28844789,-0.432094472,13.79243469,2.430653204,1.99543565,-0.206094768,0.044233568,1.537973584,11.31781388,0.764310116,1.220656167,-1.019249785,-0.447537672,-1.908579956,1.44154186,-0.89085722,0.753327793,-1.105282407,1.311067145,0.995438806,10.1582748,-0.691059395,-0.920114665,1.094219614,-0.735059765,1.215726255,1.293632235,1.212112635,3.088414569,1.196110227,1.222243944,1.175709349,1.20872288,1.213260796,1.163189611,1.233932186,1.194929155,1.195084806,1.238444393,1.206812385,1.298287693,0.929219356,1.202951813,1.230585847,1.1999577,1.23762686,1.23897266,1.235036676,1.228674249,1.216223852,1.245285487,1.241081146,1.229371499,1.238195678,1.235932951,1.226374912
"s16252",-1.719098455,0.230250549,2.241404449,-0.113338135,-1.205082947,-0.743134774,3.109848004,4.881386319,-2.480016744,1.248684855,-3.099832421,2.182056192,4.522446729,0.608459436,0.138664623,0.720415248,1.579206886,1.316008839,1.27870532,-0.13731,1.135121487,1.90098262,0.832054956,-0.152422371,1.231221457,-0.142482079,-3.12789955,-2.367596171,-0.508396979,-0.607260144,-0.142880922,9.741004653,-3.553734106,-0.020529199,1.787828795,0.150367018,0.282266005,0.720196884,-1.743891764,-0.061958115,5.724797198,-2.502513208,-1.40525535,-0.287213853,-1.159843955,0.284053683,-2.142611945,4.161987559,0.317582094,-0.069586328,0.530148823,1.161310436,-0.428060104,1.457927924,-2.070015498,-0.226297579,0.0597623,-0.062102712,0.479822906,-0.67303976,-0.401756528,0.323615527,7.404145361,0.199659276,0.051961238,-0.159258069,1.300550766,-0.403056781,3.223327408,2.482516769,-0.214245923,2.434851317,-1.95316768,-0.671659127,0.265429495,0.160099681,0.552922475,-1.255986233,1.178900095,0.715301967,4.2725984,4.909457143,-1.703018681,0.171268184,2.139658437,-0.973980269,6.189527788,7.34653874,0.031308529,4.611988986,-2.847305176,5.457981861,-2.985678674,2.20436933,0.669725568,-0.061631726,-0.007090865,2.212510628,-2.363431481,0.898409617,-4.22431852,-4.523327508,0.981368253,-0.043470583,0.809855207,-0.719488242,2.458337441,-1.912872066,-0.298813866,0.149528251,-0.200425076,-2.730574669,2.739197973,9.094163886,1.374026717,4.709835853,1.987315102,-1.215341911,0.367822185,0.359623834,-0.576661976,-3.144419884,0.214262216,7.029823081,-0.368391385,-1.216800944,-1.982527967,-0.264921098,1.430729933,-5.295030253,-1.675421396,-5.223647228,-1.260538252,12.37134416,1.46091397,-1.21863666,-1.158983019,2.193855175,0.626139403,6.409717579,-0.260530824,0.309096675,2.193345867,-1.231832657,-2.51084434,2.592432392,3.10047877,-0.153346586,-2.107820408,0.361864966,3.6285423,7.766401181,-1.523775941,0.33793904,0.109736926,-1.625208819,0.316954812,0.391895353,0.294542742,1.866385543,0.284946723,0.309321882,0.231122437,0.292897353,0.303586158,0.252852342,0.274114482,0.281505362,0.2725658,0.32010803,0.291555578,0.383030632,0.031826405,0.30160387,0.314378971,0.290181721,0.322019614,0.321972888,0.319037177,0.315666722,0.316532473,0.325992344,0.322331429,0.314986799,0.320028221,0.319964491,0.310053972
"s16241",-1.145699571,0.694310609,3.595364239,0.350384746,-0.597299551,-0.439394328,-0.168006463,3.905085912,-1.773094416,-0.72135951,-2.301446039,1.797189345,5.252363417,-1.685018712,0.550744824,1.091224724,2.731289562,1.606834034,1.750294403,0.262747015,1.689830125,1.651821619,2.363442898,-1.480128265,1.620546741,0.334481767,-2.701424319,-1.786033219,-0.059494723,-0.161199778,0.220101183,10.22149634,-0.733125881,0.365185749,0.342835394,0.576255385,0.670979599,2.995213774,-1.266513905,0.32174952,5.289980947,-1.931903769,-0.799539462,0.509358489,1.61569542,0.646533595,0.53542839,2.829227274,0.702063884,0.146665686,0.914347748,1.514513071,0.022800132,1.905993211,-1.295108161,0.330620983,3.082954387,0.443992321,4.114252772,0.198671095,-2.36114894,0.687789146,7.470785672,0.851732659,0.454458705,0.37935756,1.386440599,-0.048220518,2.945463024,0.605061658,0.164222893,3.128695792,-1.433216676,-0.093488974,0.641287273,0.496663883,1.123215511,-0.468626718,2.930562559,-1.260882412,2.749090674,4.378122625,-1.141668009,0.57885032,2.622539822,-0.390091561,6.456016906,7.606542087,0.493865876,4.248697988,-2.492762482,5.36446296,-2.644660984,2.583333039,0.620434319,0.397456203,0.496913283,2.600498016,-1.840770907,1.365639277,-3.867206721,-3.652887526,1.764284633,0.329657947,1.221893508,3.015450071,2.435232427,-1.497138021,0.141373677,-1.813675086,0.364779099,-2.236675991,-1.146044369,9.31266186,1.444545767,4.081522555,2.608616284,-0.573456058,5.319285354,0.762771198,-0.049736781,-2.659235074,0.641578672,7.027656443,-0.075509487,-0.420798905,-1.506579543,0.182528062,3.80116669,-4.481734546,-1.666072888,-4.638615998,-0.883598876,10.57013222,1.686468869,-0.883376299,-0.505499834,1.832190486,1.005731462,9.482902227,-1.615402318,0.697034319,-1.098149493,-0.700909106,-2.088321297,2.019986318,3.550427923,0.253664325,-1.489660757,1.009244736,4.208663807,8.245155976,-1.248104206,1.092406146,0.649029536,-1.424293407,0.714321924,0.774153171,0.683026978,0.145942269,0.566257567,0.695687633,0.675104204,0.679746594,0.68967047,0.652237066,0.706226866,0.676318438,0.672350636,0.679173996,0.679852354,0.815132224,0.454400534,0.6857591,0.701724397,0.683521762,0.705988856,0.706244147,0.703894424,0.700873695,0.700498763,0.710671854,0.708042307,0.700960549,0.705050547,0.705135919,0.695249005
"s16163",-0.812231419,2.702851319,2.11043946,-0.172568202,0.195109197,0.506662819,0.219858937,5.176230293,-1.832814504,-1.986527826,-3.013411111,0.919198734,4.581884563,-0.519322688,0.298105558,0.831934207,1.791134453,0.902944193,2.035949654,-0.569377636,1.166643359,1.080114006,3.125550412,0.227594736,1.324280106,0.429888905,-1.870299148,-1.288861524,-1.879904996,0.885818208,-0.424707975,10.53255392,-2.084148494,-0.496373154,1.902230057,0.134390541,0.43614312,2.101679504,-3.406626796,-0.301950734,4.701743711,-0.565286839,-0.414454434,1.877511212,0.929367674,0.427145383,-0.827060542,4.823790534,0.482928433,0.282422799,0.706021589,1.930967037,-1.28984192,3.971367862,0.087278726,2.424723868,0.179211195,2.905146033,3.236719792,-1.584842289,-0.401160121,0.459860208,5.310596701,-0.456250206,-0.044047246,-0.630917834,1.341471394,-1.261838535,1.433623808,-0.446923203,1.698861503,3.44554019,-0.413417307,0.702842512,0.41301591,0.190552997,2.158636668,1.043762771,3.346713058,-4.095655772,3.386520013,3.341102923,1.011636557,0.178903383,4.208659418,1.477772044,6.266977533,8.623721559,-0.050816104,5.983410287,-1.785862859,5.306003051,-4.155012366,2.278385059,-0.108881813,-0.325577541,3.355137614,1.954246025,-0.99278404,1.142879276,-3.40810575,-3.345689163,1.759889364,-0.797348622,-0.041358979,0.67349019,2.497559702,-0.614827703,1.96877927,-1.506365192,-0.080898651,-0.702501801,-0.875618861,9.066733748,-0.733099346,4.565890928,1.640249645,-0.646431218,1.639145495,-0.27353245,0.818553917,-1.776686127,0.138388729,6.795803732,1.445428484,1.915290943,-2.067775315,2.546983859,2.140747111,-5.653820596,0.606228779,-3.596196546,-0.321345886,9.414291514,1.468790071,-3.53314889,-3.575856491,1.860102313,0.628778027,7.401481591,-0.212705392,0.446539337,-0.858679356,1.152648259,-1.592327863,2.394961311,3.513865651,-0.464597358,-0.712425824,1.880223169,0.440030918,8.113820016,1.199233496,-1.65209844,0.201981121,-0.419725018,0.406501978,0.573431356,0.457593444,0.087574445,0.42627693,0.457813089,0.330777874,0.444074279,0.46641064,0.346069946,0.449685356,0.472334863,0.416734861,0.48168625,0.422945808,0.541698588,0.373369132,0.472255022,0.481574957,0.417234541,0.486767572,0.486036795,0.482712909,0.480190716,0.490605438,0.490584041,0.486550792,0.469622432,0.484797422,0.484909,0.476100364
"s15585",-0.442377507,1.566258462,1.740335577,1.151697388,0.19306264,0.613624439,3.133322931,4.951409075,-1.171769804,2.521196148,-1.764215173,2.311344129,2.220564598,-1.542588473,1.487876586,2.060360678,3.54851744,0.10205674,1.508955256,1.171261248,0.006142751,1.921598085,-0.239742377,-1.136500064,0.838613881,1.213729883,-1.883615644,-1.007511933,0.811077431,0.79186414,1.248307092,10.54769896,-2.246945577,1.378630886,1.578741187,1.498421717,1.63067644,1.863730634,-3.161521382,1.283105207,6.281055376,-1.282898754,-0.090017886,1.129615252,0.171044611,1.634852481,1.270141153,4.558276357,1.678894542,1.308143239,1.867511845,2.41918746,0.882467037,2.459744662,-0.821050029,1.146310255,1.619955452,1.27870742,3.818445326,0.78023527,0.618749132,1.66835249,4.191151681,1.549643026,1.40311845,1.04522855,1.631628626,0.960103036,2.642591015,3.879061393,1.181593682,3.129832554,-0.684499385,0.698648312,1.619065706,1.521067298,1.965225704,-0.031963105,4.608284151,-0.100175425,4.312756272,2.380123573,-0.574199849,1.519783877,3.483101007,0.393474627,5.986847478,9.679272262,1.413450344,6.435778028,-1.579404272,4.275357339,-1.703403868,3.519986457,1.816114701,1.285671236,1.395885063,1.249969677,1.14515267,2.273594939,-2.95663811,-3.315310977,2.086451813,1.262719145,2.109507031,2.768764315,2.221502501,-0.430045727,0.881610146,-0.909047238,1.183294907,-1.403346204,-0.25632341,9.20443888,1.212482961,5.747116241,1.067126882,-0.044406934,1.661868766,1.737332014,0.646716873,-1.921092142,1.541240713,8.344566931,0.967204187,0.072514388,-0.523385628,0.966436744,2.583699809,-3.817660041,2.476426295,-3.791500063,-0.073416237,-0.607404294,1.624804893,0.09503764,0.177593497,0.354754729,2.007761465,10.92125165,-1.086755084,1.656388873,-0.670230799,2.123007834,-1.314328023,0.473687581,3.710655366,1.170385499,-0.695121766,4.068778962,1.160460142,8.06434561,-0.117699054,-0.641914917,1.631854513,-0.232118203,1.62868388,1.735254994,1.656313391,1.101143237,1.645697997,1.659588637,1.606671134,1.653190642,1.661966162,1.60827854,1.675657335,1.694842128,1.64329578,1.680445487,1.650189564,1.732524428,1.398353657,1.652066515,1.676170139,1.64666987,1.674939954,1.682541607,1.676223441,1.676582866,1.67102834,1.68717421,1.683313705,1.674531634,1.682836947,1.680381162,1.670651405
"s15486",-3.368824072,1.439335947,2.32788921,1.709308762,-1.496081356,0.064396233,-0.186295047,3.518693733,-4.329001825,-0.188348433,-2.860928826,1.657040306,4.173632893,-0.953657012,2.209851054,2.750774558,2.592377267,0.226622558,2.305376304,1.359565217,2.181406709,-1.479173405,2.818801225,-0.250258794,1.181037875,0.013695126,-1.928424911,-1.706664092,0.031989565,0.540361777,1.548310123,10.05966958,-2.411672911,1.435097344,1.629627235,2.022257558,2.349579041,-1.30118047,-4.059706557,1.61390675,6.409459609,-1.795906613,-0.963183284,0.776467118,1.975562576,2.330129947,-0.490668395,4.277829826,2.409739195,1.871263581,2.622462701,3.774434199,0.531814575,2.887461932,-0.482452463,1.159111848,2.227179475,1.644927669,0.928371656,0.440231394,-1.454184625,2.381534783,5.094032672,-0.977787938,1.869129148,1.14394227,1.324824912,0.612344325,3.333431649,1.633285816,1.294403088,2.201930836,-0.63903285,0.347937598,2.343157084,2.109327404,1.799327576,0.080969717,2.654075153,0.256633524,-0.485393983,0.656970641,0.478255968,2.103927392,2.993073418,2.705985441,6.206513199,8.526666717,1.908886032,4.781019575,-1.823471136,4.905290339,-1.373865108,3.918388494,1.340771488,1.607664128,3.191841605,1.52934629,-4.034679498,3.070032162,-3.652621514,-7.18783385,1.938920061,1.067465079,1.85258088,-0.844185953,2.650545362,-4.047576585,0.017945581,-2.046362096,1.957670599,-5.326065508,-0.811203546,8.293165603,-0.036135049,3.912768695,1.741944276,0.563376174,2.48898221,1.613037916,2.578344604,-4.20174437,2.037512481,5.701537648,1.012929,1.313314258,-2.455627506,0.670292844,3.839836988,-4.394589434,0.859584295,-4.528372448,-1.651342679,7.146008791,1.493537323,0.583335232,-1.642022384,2.819386053,2.561506779,9.325468223,-1.325488463,2.362758485,-1.050062262,1.795734264,-1.412545077,1.798440483,3.354636559,1.429502573,0.249257642,-1.037755382,0.86701334,8.329154801,0.082235611,-1.951816402,2.26664997,-2.645037477,2.317086956,2.460626542,2.386213471,2.487764905,2.356931972,2.371852522,2.263881936,2.36505357,2.390387681,2.270663439,2.417316315,2.391669898,2.348233916,2.407792645,2.347127815,2.49479791,2.317835263,2.398309287,2.409273389,2.338089574,2.41279698,2.408458421,2.403703841,2.406459036,2.411761092,2.416489556,2.407804235,2.394707467,2.41113381,2.410860419,2.402169154
"s15513",-1.149823589,0.023940815,2.681497285,-0.167200047,-1.415127032,-1.030311545,-1.509238405,3.577736508,-1.482629188,-1.01510454,-4.008707733,1.324531507,4.577322387,-1.361003604,0.079273131,0.645970299,2.00362845,0.281418865,1.560866997,-0.267016334,0.426853877,0.878468732,2.962513289,-1.375382982,-0.152317533,-0.601617832,-4.778963508,-3.253529337,0.604715942,-1.093126822,-0.224125464,9.496919694,-1.739706248,-0.19995594,1.732851843,-0.002153517,0.209302962,1.719017539,-2.871608617,-0.200585397,5.020747053,-3.717052893,-2.716673196,0.839388774,-1.484335622,0.181979148,-1.438094047,3.897489948,0.248839059,-0.278393915,0.466597422,1.8721349,-1.071268253,1.739504738,-1.466416658,-0.365308365,0.467391705,-0.201601969,2.748526781,-1.552435743,-0.825791993,0.248794994,4.614296519,-0.42074989,-0.05908896,-0.681412843,1.192332552,-0.705884616,2.497401012,0.241668046,-0.386540423,2.619746591,-3.211728797,-0.826185611,0.21501115,0.071479918,0.558218019,0.740279706,2.337198362,-1.804718629,1.229680685,3.264716304,-0.083482777,0.082142256,1.994040897,-1.839067773,6.145032751,5.729644228,-0.025891375,6.132714419,-3.573915345,5.191859366,-0.55814676,2.230194798,-0.79572557,-0.276750838,-0.353336228,-0.388998325,-4.503766225,1.005311665,-5.383397365,-1.613755976,1.261921501,-0.361584165,0.571551191,0.756190791,1.416955494,0.321889576,1.048950564,-1.492515983,0.330265163,-4.63947727,-2.201684423,8.90187829,-0.713471048,3.616696845,2.211514629,-1.169039869,2.337318668,-0.010835766,0.955129128,-2.520724949,0.108028674,6.233422055,-0.596567906,0.94876139,-2.340236619,-1.13304868,1.855402071,-4.9505906,0.548132868,-5.982973616,-2.510069723,2.182473946,0.53819053,0.451878814,-1.528519697,-1.898190264,2.882899452,8.860057427,-1.659035008,0.222563958,-4.107784988,1.030089638,-2.082510596,1.111587683,2.463226689,-0.346649604,-0.570876363,-0.321720137,-0.716719153,9.050695553,0.343165003,1.032897737,0.194242081,-2.160554324,0.220178559,0.3053073,0.226205808,0.49318776,0.177661132,0.227746707,0.186749507,0.215937664,0.23526516,0.172179509,0.258809576,0.257155303,0.212540521,0.250785967,0.218299461,0.327897633,0.139847111,0.241125437,0.250118207,0.217318441,0.25297156,0.248390868,0.243184142,0.24842845,0.255517209,0.256046619,0.249533748,0.24248776,0.25306908,0.252301337,0.245050829
"s15548",-0.978486502,1.041547362,2.190904786,0.673426013,-0.290946598,0.041413918,2.551997675,6.236210811,-1.678999459,-0.370176663,-2.276928206,2.111406174,4.879827642,0.593407347,0.955297303,1.544142783,2.13333379,2.71449939,-2.481427164,0.696520037,1.902768928,0.820049255,3.264933762,-1.511263911,1.460651645,0.66813942,-2.489724751,-1.55858346,0.308384766,0.274098704,0.73502436,10.31398627,-2.737798991,0.815828483,1.884781424,0.943121219,1.10058911,2.427773005,-3.469408903,0.758786554,6.724423403,-1.808346241,-0.727168921,0.686554239,-0.360764962,1.091925431,0.799107104,4.848461202,1.149280041,0.424141637,1.351477119,4.231592877,0.298483575,2.020675758,-1.198806602,0.582902586,1.012617764,0.752491109,4.636497099,2.578849202,0.210918488,1.150177285,5.88415128,0.904936822,0.870024815,0.520489218,2.627430784,0.376013263,3.104075053,1.145684877,0.608110941,4.345354047,-1.203506712,0.200251237,1.100457853,0.983761272,1.420428662,-0.461449291,2.875034037,-0.671377743,0.746144179,2.073628517,-1.009583991,1.001179377,2.998884622,-0.149001984,5.981995265,8.22476041,0.895897849,5.484410458,-2.256236063,5.471169981,-2.217182071,2.749259948,0.810141247,0.776497127,0.804889638,0.692498077,-1.64245876,1.730449687,-3.553058784,-3.732664556,3.235211135,0.726230301,1.608682249,3.14345623,2.669684765,-1.231280399,2.677607443,-1.485581469,0.743031358,-2.10940119,-0.918282204,10.18686011,0.975878198,3.605336614,0.563262562,-0.302836186,3.38789065,1.151081383,0.088015895,0.722564774,1.018273151,7.283696987,0.425924409,-0.355894992,-1.143564879,0.463714789,4.356635089,-4.165677325,1.154333837,-4.363410675,-0.515722859,9.026005674,2.099814551,-0.519193449,-0.320261729,2.153445663,1.463755338,10.4085164,-1.52613326,1.130203007,-1.141084333,1.860461048,-1.964443636,2.782178993,3.929552869,0.645640528,-1.323711919,1.206754594,0.638483812,8.844948456,-0.817157378,1.265036356,1.079292958,-0.858171253,1.132426974,1.183977723,1.128049952,0.849535092,1.120488948,1.128248499,1.069113684,1.118763828,1.132450383,1.082333019,1.146632625,1.105727581,1.108952039,1.151101609,1.120624769,1.241017138,0.88117972,1.132545319,1.146964587,1.115923938,1.152936206,1.149281698,1.144915293,1.146822226,1.14257531,1.156785043,1.148472056,1.144959017,1.151251794,1.150803094,1.141009946
"s15569",-1.081356259,0.758653921,3.895774909,0.414728058,-0.532956239,-0.375051016,-0.103663152,4.81742613,-1.708751104,3.04342352,-2.237102728,-1.308392344,5.316706729,0.701252694,0.615088136,1.155568036,1.947635967,-0.650750749,2.066176482,0.327090327,-0.567754658,0.868168025,3.275783117,0.906143142,0.210958865,0.398825079,-2.637081007,-1.721689907,0.004848589,2.225071628,0.284444495,9.98199201,-0.668782569,0.429529061,0.407178706,0.640598697,0.735322911,-0.640882633,0.17634103,0.386092831,6.828255448,-1.867560457,-0.73519615,2.895629896,-0.641889363,0.710876907,-1.722156393,4.963959914,0.766407196,3.380933999,0.97869106,1.578856383,0.087143444,5.140261524,-1.230764849,0.394964295,0.825369604,0.508335633,3.330599177,0.263014407,-2.296805629,0.752132458,3.834689266,0.916075971,0.518802017,0.443700872,1.733183641,0.016122794,2.038952682,0.66940497,0.228566205,1.427504358,-1.368873364,-0.029145662,0.705630584,0.561007194,1.187558823,-0.404283406,2.607882748,-1.1965391,2.813433986,4.442465937,-1.077324697,0.643193632,2.686883134,-0.325748249,5.828482513,5.348957304,0.558209188,5.161038207,-2.42841917,5.876265249,-2.580317672,2.647676351,2.745659873,0.461799515,0.561256595,0.342913233,-1.776427595,1.429982589,-3.802863409,-3.588544214,2.676624851,0.394001259,1.28623682,-0.090131618,2.999146749,-1.432794709,0.205716989,0.572596321,0.429122411,-2.172332679,2.088223944,8.846490455,-0.813039016,4.145865867,2.672959595,-0.509112746,0.991311244,0.82711451,0.014606531,-2.594891762,0.705921984,7.205210365,-0.011166175,-0.356455593,-1.442236231,0.246871374,1.543581907,-4.417391234,-1.601729576,-4.574272686,-0.819255564,-0.663569674,0.346421926,-0.819032987,-0.441156523,1.896533798,1.070074774,10.92575716,-1.551059006,0.761377631,-1.033806181,2.533359207,-2.023977985,2.08432963,3.82889604,0.318007637,-1.425317446,1.073588048,0.185544277,9.430058212,-1.183760894,-1.165178637,0.713372848,-1.359950095,0.778665236,0.838496482,0.74737029,2.532213676,0.630600879,0.760030945,0.739447516,0.744089906,0.754013782,0.716580378,0.770570178,0.74066175,0.736693948,0.743517308,0.744195666,0.879475536,0.518743846,0.750102412,0.766067709,0.747865074,0.770332168,0.770587459,0.768237735,0.765217007,0.764842075,0.775015166,0.772385619,0.765303861,0.769393859,0.769479231,0.759592317
"s15593",-1.489780287,0.371267099,2.274292176,0.075690879,-1.000618098,-0.586725902,-0.537043262,8.837510461,-2.422632657,-0.901924441,-3.297025208,3.613621949,4.101489906,-2.109611341,0.287645367,0.841213036,1.691972379,-1.061628639,1.620489657,-0.019535363,-1.164592291,1.385451598,3.372666411,-0.478906535,1.204696176,0.020645293,-1.312121488,-2.364548646,-0.261376671,-0.326699694,0.034534699,9.079211274,-3.486186561,0.136359151,0.763540206,0.261397938,0.416885574,-1.93069341,-3.809280351,0.073182589,5.715763604,-2.38863306,-1.319475968,0.013061221,-1.124160646,0.409292857,-1.943481878,3.815459281,0.444348354,0.177762398,0.658510993,1.844496935,-0.438663367,4.12135328,-1.916708954,-0.033078192,0.512267561,0.078360697,2.887729641,-0.634680579,0.904806889,0.447222828,3.509184789,0.20981872,0.082501485,-0.149185548,1.287398086,-0.297497759,2.458393513,0.807755019,-0.068410302,2.700016588,-1.840932765,-0.576555856,0.405609379,0.280199833,0.6724605,0.962054995,0.953116311,-1.558682909,1.928454687,1.579457742,0.477903268,0.304020094,2.296098946,-0.82206024,5.800199675,5.542050448,0.212903328,1.990854901,-2.791346781,4.467151899,-2.880787908,4.916412513,0.355309598,0.054141357,0.152492907,0.066138181,-2.626857052,0.618688542,-4.438022333,-5.064870695,0.29153055,0.032115241,0.931004071,1.635054752,2.117231215,-1.666079684,-0.428602459,-0.031999408,-0.038837896,-2.804273837,-1.641504391,8.652525103,1.418976188,4.052708206,2.591990803,-0.741283898,3.063785885,0.503880445,1.599474302,-4.085025728,0.346267826,4.900908779,-0.378603156,1.743272715,-1.760239914,-0.056252591,1.787326272,-4.833666709,-1.214061838,-4.983240969,-1.201168885,-4.974041552,1.09753306,-1.280377087,-1.498910222,2.608956471,0.502720474,11.41603715,-1.773703431,0.431934578,-0.178429399,1.586752931,1.156781432,2.091633787,3.010693857,-0.058107483,-1.930718909,0.411305748,-0.001086862,4.758605584,-0.716549662,-1.704801513,0.423714792,-1.543893609,0.42914305,0.52113964,0.42137608,0.275108619,0.416753704,0.43331849,0.390502629,0.418152945,0.430783784,0.379343948,0.453089691,0.423512258,0.408936031,0.446897817,0.413808023,0.508863752,0.198867522,0.429900009,0.441933303,0.41711255,0.448792015,0.448460741,0.444910888,0.443331414,0.446235583,0.452963819,0.449657147,0.440967453,0.447227951,0.44732238,0.438390654
"s16152",-1.254971053,0.56477256,3.3065384,0.269248757,-0.777170004,-0.364141301,0.204729614,5.057587866,-2.075799245,-0.561783599,-2.577701158,1.211999808,2.061322729,-1.889783448,0.497306497,1.062177227,-0.159708341,2.166850097,2.723871564,0.197064497,0.110288741,0.5717667,1.71679315,-1.8122405,0.665984048,0.210390742,-2.6331634,-1.946331289,-0.6954213,0.054864817,0.249858327,9.759434974,-2.56127401,0.355720499,2.543333836,0.476738844,0.628116436,1.822813163,-3.140176363,0.272307273,2.509282928,-2.146491324,-1.001868752,3.687026276,-0.817949479,0.627904356,-0.912533658,3.444602382,0.663397224,0.410488183,0.879593437,1.67783013,-0.090731196,2.062960881,0.742345644,0.158068975,3.4409367,0.300315411,1.813308549,-0.861840657,-1.593884745,0.667529789,3.643341101,0.698901593,0.385033468,0.334965228,2.075560844,-0.074648276,2.955632286,1.015915969,0.155638161,2.435071376,-1.574900221,-0.25199791,0.620428942,0.49965281,2.910330884,-1.339196031,1.621385673,-0.84309504,1.679065378,1.119285952,-0.59900974,0.51658414,2.523632549,-0.373237631,5.962807942,5.889430644,0.422957828,2.465012536,-2.379334623,4.372112769,-2.664842382,2.391444605,0.513828425,0.267236429,0.367873163,0.57352367,-2.39613857,0.89418399,-3.754888201,-5.293123139,1.624407728,0.251657361,1.105679663,1.696328051,0.702903838,-1.158864903,-0.39428303,0.26274267,0.619540363,-2.079638995,-0.841232778,9.849556798,-1.075569148,3.978842185,0.791286828,-0.520687254,0.736290391,0.722650282,-1.126219186,-2.151659681,0.565900335,5.651909183,-0.039435558,-0.579017861,-1.582784994,-0.25996846,2.303074099,-4.60690218,0.948070322,-4.785158272,-0.864018173,0.336485505,1.309679843,-0.784788863,-0.731915634,0.660116748,1.041892249,8.990808127,0.687558599,0.651091232,-1.01773813,-0.032075312,-1.953940369,1.099072065,2.40308088,0.152949425,-1.578798323,0.89566096,0.493763883,8.322894496,-0.2975241,-1.218842261,0.641088035,-1.212697244,0.650678454,0.742794412,0.640618869,0.775610164,0.633303707,0.652349798,0.591932196,0.637244336,0.650981563,0.59017974,0.672232686,0.649432799,0.628354448,0.666036636,0.63187084,0.728081928,0.482602329,0.649568885,0.661273892,0.633003248,0.667418048,0.667441034,0.663545355,0.6625698,0.66555378,0.672205688,0.668797141,0.660178124,0.666119154,0.666709763,0.657939005
"s16024",0.354570211,0.609652848,2.569354381,0.44304465,-0.932254535,-0.417851392,2.237034147,5.09385205,-0.038640721,-0.321162271,-3.434603102,1.135901424,4.938336964,-0.796939575,0.659649297,1.219251611,1.080975645,-1.193994028,1.376180675,0.296162475,-1.265712813,2.26990195,3.091030147,-0.94146069,0.236439668,-0.015230486,-0.850204459,-2.665533201,-1.136985053,1.744451271,0.2949781,10.06218869,-1.724229693,0.360695224,1.702468466,0.602101128,0.787988703,1.95159259,-2.609876812,0.375678781,5.805152817,-3.014211014,-1.997750779,2.110626435,-0.886405768,0.771116246,0.187120752,4.750629547,0.814149958,0.624886966,1.042277972,2.520789401,-0.400803086,3.796158171,-0.940616707,0.222500316,0.911545087,0.380813056,-0.011138566,2.084537237,-1.311547327,0.819242082,5.625969364,0.27098141,0.519856309,0.035848716,0.748698028,-0.087945813,2.817516386,0.653580689,0.18811156,1.950133505,-2.564380919,-0.301087129,0.776991638,0.644827174,1.087720679,-0.727637717,2.857763783,-1.342958168,0.912829424,2.418602435,-0.071786325,0.64923991,2.531823558,1.054890884,6.527181698,6.248431404,0.506528151,4.335373697,-5.089903706,5.113354437,-3.099559518,3.082313026,0.246742792,0.282129155,0.231692115,0.206094978,0.259732741,1.570280442,-3.809651349,-1.824546025,2.08845367,0.265723796,1.169732994,2.016573516,2.253546136,0.189309848,1.791466196,-1.169348634,0.783817576,-1.541713809,-1.539512822,9.411111892,0.620712533,3.395738906,0.921486115,0.693974875,2.188190238,0.594715531,-0.634467992,-4.990700761,0.701026585,5.955374756,0.006125146,1.484864284,-1.78219086,-0.46467572,2.648433857,-7.004862777,0.480383298,-5.446201323,-1.857876269,8.022705708,1.221417815,-1.172483645,-0.970232141,1.861156189,1.120364268,9.428192457,-0.745166488,0.798466473,-1.141880689,0.808735967,-1.231902454,1.489446982,3.031161435,0.251372128,0.042023994,0.230399082,-0.030091536,9.943727021,-2.666884432,0.124297643,0.621694895,0.791345051,0.801715243,0.910233776,0.789707444,0.585118962,0.739127753,0.805828936,0.745767106,0.787080035,0.803409781,0.739707678,0.78330028,0.829941931,0.773163128,0.816801235,0.786239116,0.866919974,0.687502642,0.807192835,0.814541437,0.788585071,0.819063814,0.818090905,0.814314873,0.814281792,0.826483218,0.822262767,0.820401967,0.809524387,0.818854354,0.818471581,0.811103701
"s16080",-1.280285926,0.669063078,2.545915886,0.325474393,-0.766270419,-0.304322246,-0.151779186,4.472201941,-2.041204215,-0.634430711,-2.661019892,1.3984763,3.582747634,-2.122653036,0.577477152,1.159227777,-0.303908681,2.602818275,1.1611245,0.301502528,-0.747994079,-2.052522274,2.118864391,0.286390158,1.204370413,0.29633045,-2.689087021,-1.928783642,-0.06958445,-0.168447615,0.295931607,10.21447819,-3.114921578,0.41828333,1.670247975,0.589179547,0.721078534,-1.162918682,-3.62700733,0.376854414,7.820722013,-2.06370068,-0.966442821,0.151598676,-0.721031426,0.722866211,-1.703799416,3.908922383,0.756394623,0.3692262,0.968961352,4.770047966,0.010752425,1.896740453,-1.631202969,0.21251495,0.498574829,0.376709816,3.240563529,-0.234227231,-2.284872094,0.762428056,7.151080185,0.638471805,0.490773766,0.279554459,-0.195541677,0.035755748,1.905809018,0.599401203,0.224566606,-0.826775873,-1.514355152,-0.232846598,0.704242024,0.59891221,0.991735004,-0.817173704,2.148227341,-1.167813599,2.641021601,1.647829954,1.057721942,0.610080713,2.578470965,-0.53516774,6.466977329,5.463423173,0.470121058,5.050801514,-2.408492647,5.083879943,-2.546866145,4.965109953,2.590407105,0.377180802,0.431721663,0.329395062,-1.924618952,1.337222146,-3.785505992,-4.08451498,-0.901747313,0.395341945,1.248667735,-0.280675713,1.674757548,1.695865464,0.139998663,-1.733587315,0.238387453,-2.291762141,-1.214306921,8.615438574,0.434327623,1.06118554,3.274124537,2.393395619,3.128562808,0.798436362,-0.137849447,-2.705607355,0.653074745,5.23833799,0.070421143,1.543939679,-1.543715438,0.173891431,1.869542462,-4.856217724,1.085319228,-4.784834699,-0.821725723,14.78310152,1.49206853,-0.779824131,-0.72017049,-0.537257297,1.064951932,11.4923863,1.026278611,0.747909204,-1.455304446,2.376904874,-2.072031812,2.274516072,3.073627726,0.285465943,-1.66900788,0.800677494,0.366915111,8.014165417,-1.084963412,-1.545176526,0.548549454,-1.18639629,0.755767341,0.830707882,0.733355271,-0.016730023,0.723759252,0.748134411,0.669934966,0.731709881,0.742398687,0.69166487,0.712927011,0.720317891,0.711378329,0.758920559,0.730368107,0.821843161,0.470638933,0.740416399,0.7531915,0.72899425,0.760832142,0.760785417,0.757849706,0.75447925,0.755345002,0.764804873,0.761143958,0.753799327,0.75884075,0.75877702,0.748866501
"s16082",-1.33019807,0.619150934,1.782307927,0.275562249,-0.816182563,-0.354234389,-0.20169133,6.492679125,-2.091116359,-0.684342855,-2.710932036,1.879078872,1.210907395,-2.17256518,0.527565008,1.109315633,-0.353820824,3.470443971,0.193674517,0.251590385,-0.797906223,1.067490584,-1.100972754,-2.085450081,0.462580565,0.246418306,-2.738999165,-1.978695786,-0.119496594,2.103568336,0.246019463,10.00158094,-3.164833721,0.368371186,-0.145198915,0.539267403,0.67116639,-1.212830826,-3.676919474,0.32694227,8.141178319,0.208315271,-1.016354965,0.101686532,-0.77094357,0.672954067,0.568216535,5.016551516,0.706482479,0.319314056,0.919049208,1.550210821,-0.039159719,4.168756404,-1.681115113,2.484530901,0.448662685,0.326797672,3.190651385,-0.284139375,-2.334784238,0.712515912,6.570653324,0.588559661,0.440861622,0.229642315,0.876536704,-0.014156396,1.038760931,0.549489059,0.174654462,1.445240078,-1.564267295,-0.282758742,0.65432988,0.549000066,0.94182286,-0.867085848,3.607328844,-1.217725743,0.269181362,1.59791781,-1.314118296,0.560168569,2.528558822,-0.585079884,6.155737101,5.413511029,0.420208914,5.531404087,-2.458404791,4.682495428,-2.596778289,2.593269714,1.692498054,0.327268658,0.38180952,2.601411013,-1.974531096,1.287310002,-3.835418135,-4.134427123,1.370268638,0.345429801,1.198755592,-0.330587857,0.402452983,-1.523971681,0.090086519,-1.783499459,0.188475309,-2.341674285,-1.264219064,8.565526431,-1.937512616,3.333201491,3.224212393,1.495486568,0.75672257,0.748524218,-0.187761591,-2.755519499,0.603162601,7.102695973,0.020508999,-0.82790056,-1.593627582,3.293904289,4.141558413,-4.906129868,1.035407084,-4.834746843,-0.871637867,7.409552459,1.036899908,-0.829736275,-0.770082634,-0.587169441,1.015039788,6.798617964,-2.193558534,0.69799706,0.816711505,-0.842932272,-2.121943955,2.411017052,1.801323161,0.235553799,-1.718920024,0.750765351,4.960859157,6.758784154,1.187052539,1.574836331,0.498637311,-1.236308434,0.705855197,0.780795738,0.683443127,-0.066642167,0.673847108,0.698222267,0.620022822,0.681797738,0.692486543,0.641752727,0.663014867,0.670405747,0.661466185,0.709008415,0.680455963,0.771931017,0.42072679,0.690504255,0.703279356,0.679082106,0.710919999,0.710873273,0.707937562,0.704567106,0.705432858,0.714892729,0.711231814,0.703887183,0.708928606,0.708864876,0.698954357
"s16101",-1.376373409,0.643660456,2.506713695,0.275539107,-0.688833505,-0.356472988,-0.167817326,1.194467715,-2.076886365,-0.768063569,-2.674815112,0.865522361,3.633943829,0.195520441,0.557410397,1.146255877,1.735446884,2.316612484,-2.87931407,0.29863313,-0.817046073,2.492551676,2.867046856,2.178312024,0.370887034,0.270252514,-2.887611657,-1.956470366,-0.08950214,-0.123788203,0.337137454,9.721502498,-3.135685897,0.417941577,0.956379801,0.545234312,0.702702203,2.029886098,-3.867295809,0.360899647,7.283467775,-2.206233147,-1.125055828,0.288667332,-0.758651869,0.694038525,-1.920707897,4.702113062,0.751393135,0.02625473,0.953590213,1.511777875,-0.099403331,1.622788852,-1.596693509,0.18501568,0.614730857,0.354604203,2.86009857,-0.140965799,-2.508896513,0.752290379,3.164336279,0.507049916,0.472137909,0.122602312,1.381546971,-0.021873644,2.082751498,3.069726066,0.210224034,2.473535952,-1.601393618,-0.197635669,0.702570947,0.585874365,1.022541755,-0.859336198,0.711612384,-1.069264649,0.348257272,4.845666612,0.914457197,0.603292471,2.600997716,-0.54688889,4.972178811,5.504945408,0.498010942,4.238526646,-2.654122969,3.95129255,-2.615068977,2.351373042,0.160715574,0.378610221,0.407002731,2.616539265,-2.040345666,3.654490876,-3.95094569,-4.130551463,-0.863115489,0.328343395,1.210795343,-0.424355678,1.806134287,-1.629167305,-0.042207559,0.438459719,0.345144452,-2.507288096,-1.31616911,8.315042013,0.577991292,3.207449707,0.165375656,1.621205002,0.668075649,0.753194477,-0.309871011,-0.523319038,0.620386245,5.786274407,0.028037503,-0.753781899,-1.541451785,0.065827883,1.636820088,-4.563564231,0.756446931,-4.761297582,-0.913609765,-1.676802902,1.018401309,-0.917080355,-0.718148635,1.755558757,1.065868432,11.48456068,-1.924020166,0.7323161,-1.538971239,-0.859353953,-2.362330542,-0.338173937,3.066002391,0.247753622,-1.721598825,0.808867687,0.240596905,8.891625001,-1.215044284,0.86714945,0.681406052,-1.256058159,0.734540068,0.786090817,0.730163046,0.451648186,0.722602042,0.730361593,0.671226777,0.720876921,0.734563476,0.684446113,0.748745718,0.707840675,0.711065133,0.753214703,0.722737862,0.843130231,0.483292814,0.734658413,0.749077681,0.718037032,0.755049299,0.751394792,0.747028387,0.74893532,0.744688404,0.758898136,0.75058515,0.747072111,0.753364888,0.752916188,0.74312304
"s16039",0.363613825,-0.349617682,3.751227371,-0.617718674,1.11307131,0.310529669,-0.191172297,5.228610254,-2.290504512,0.631333478,-2.33978297,1.693899725,5.492406237,-0.306153424,-0.324337343,0.333516682,1.339860665,0.788672525,1.293081313,2.053244303,0.6759411,2.26487403,4.165722059,-1.175443241,0.297431496,1.467568924,-4.443344355,-2.901021591,0.494597785,-2.574487434,-0.886128737,10.16805925,-1.858852509,-0.620474453,2.135549752,-0.311874033,-0.07689915,0.482972215,-2.462579143,-0.782955631,7.036589692,-3.208373119,-0.850989738,1.729300464,-2.965400463,-0.124308988,-0.991758484,4.918326286,-0.034741505,-0.334550113,0.188108335,1.295823858,-2.399223055,2.86980681,-0.128238696,-0.84410185,-0.00641831,-0.604103677,2.774091749,0.516663309,-1.081157335,-0.067534546,5.651002299,-0.121053928,-0.415919253,-1.130930313,0.700024982,-1.170977546,2.803873526,2.494646898,-1.076315447,2.161540329,-1.274784375,-1.679172266,-0.110997806,-0.268201721,-0.433797679,-1.013193413,3.101529354,-1.377319601,2.552697238,3.430511648,0.145760101,-0.261521014,3.063101882,-0.000594,6.521155935,7.415761814,-0.449962699,2.748783938,-3.650890571,6.015781959,-2.416435071,1.595153476,0.910698962,1.399433515,-0.870631288,-1.569473059,-2.004974534,0.782031961,-3.196872648,-3.10400039,0.333900806,1.376483551,-0.22291288,1.32697273,1.989678808,-1.874504281,0.903160649,-0.811721802,-0.234761089,-4.027214528,-1.488370743,8.78877174,1.037237941,4.84073294,2.981213569,0.303538826,1.797883086,-0.357188142,0.702410247,-2.253518979,-0.339124167,6.667008944,1.024260677,0.399056818,-1.964590079,0.884612279,1.354893598,-3.580800109,0.256133998,-7.504082817,-0.633308577,9.333815463,0.605532246,-0.771679577,-3.223202485,-0.323692701,0.084667604,11.211813,-2.548425774,-0.043814618,-1.580104822,1.198123268,-2.421725654,1.88232599,2.614355848,-0.709326992,-2.904795118,1.653521619,3.579846827,8.122649318,-0.139369446,-0.098226568,-0.132515684,-0.68418444,-0.081434643,0.062682904,-0.086114179,-0.109806577,-0.168857986,-0.047960023,-0.111441655,-0.069199734,-0.045437789,-0.141625678,-0.015852589,-0.0218702,-0.062846267,-0.060509617,-0.062522823,-0.352160919,-0.133915839,-0.04438765,-0.049746043,-0.070835323,-0.029932762,-0.028666566,-0.039757787,-0.034223586,-0.025551346,-0.024688241,-0.032394726,-0.037281547,-0.032646766,-0.031027044,-0.038546569
"s15789",-1.521531835,0.410614217,3.340868036,0.145921925,-0.8463947,-0.430786649,-0.115390259,2.028320975,-2.155352618,-0.726277113,-2.79559757,1.663022581,7.131255997,-2.213589725,0.585975874,0.992519628,3.441400706,2.898281036,2.432631567,0.141779414,-0.65717076,2.246833512,3.715863848,1.440236747,0.312084278,0.113458504,-2.906158518,-2.134257301,-0.015889787,-0.271923712,0.190735594,10.65148809,-2.958090796,0.310722086,2.62748014,0.446177222,0.576276164,-1.155974312,-3.784743897,0.202427503,7.000493866,-2.21787441,-1.130402117,2.625269142,-0.817580568,0.586547287,0.479865336,4.69726603,0.613827463,0.321210426,0.775173135,1.788449218,-0.160528432,1.943951172,-1.393807609,0.092357975,0.738080924,0.218949735,3.48036249,2.239596902,-0.195849076,0.602637037,3.957244367,0.535476272,0.34819378,0.149395648,2.363241738,-0.144618145,3.081571455,0.726977039,0.051469611,2.774941707,-1.697878786,-0.353062378,0.55770677,0.443223694,1.289580474,1.44365952,4.759778128,-1.047545779,3.734937376,1.766631135,-1.254322308,0.491533118,2.441107902,-0.427821422,7.257168986,9.304918077,0.370749944,6.985677424,-0.205585146,5.362049667,-2.781273252,2.441069394,-0.911991025,0.174314722,0.300897967,0.290457209,-1.994940223,1.232619648,-3.831921439,-1.950504613,1.366243638,0.200587061,1.038278516,1.906487135,3.019353194,-1.581784903,-0.105038747,-1.762596917,1.08996903,-2.432870596,-0.873952479,8.884310147,1.641043556,1.439479056,3.066243593,3.085398418,0.881018803,0.649490409,-0.438141821,-2.770808438,0.432600914,7.580564049,-0.088383987,1.694732843,-1.49563077,0.001450366,1.864453552,-4.763408665,1.026031943,-4.78613158,-1.030776727,14.62761181,1.524189918,-0.962771823,-0.816765918,1.918134799,1.005351305,9.783789129,0.253727654,0.594581755,-1.522576343,-0.782855158,-2.120348542,1.949781161,3.127411909,0.12493947,-1.623898175,0.775426506,-0.218231059,8.425007334,-1.068415803,0.838154573,0.555439223,-1.299832191,0.530468801,0.627736171,0.58797761,2.684110339,0.577412853,0.602293796,0.545719373,0.586915434,0.590462102,0.543713708,0.617140049,0.560092274,0.577348823,0.613613141,0.573969248,0.674308487,0.237489707,0.593842181,0.607984434,0.575743903,0.615482063,0.60609617,0.611566744,0.610224908,0.609885133,0.619571194,0.616293196,0.607298742,0.61372831,0.612965351,0.603514121
"s15840",-1.706696952,0.255201393,2.079696326,-0.016978287,-1.063377644,-0.694582127,-0.394609987,6.090993668,-2.490505334,-0.982887784,-3.438552277,2.12591858,4.029889053,2.258276841,0.219597735,0.75144424,1.732423177,2.590719862,1.938789072,-0.107139419,1.318806026,1.210666269,3.107940831,0.407746918,0.361971419,-0.108039348,-3.072442712,-2.241942402,-0.347233635,-0.366773632,-0.048696705,10.6608259,-0.118202485,0.070046059,2.165168369,0.195655622,0.338608808,1.928982825,-3.776259688,-0.032858641,5.935648765,-0.212384623,-1.321623098,-0.171650459,-1.161822378,0.311365663,-1.862907782,5.058478754,0.376653493,0.018781133,0.591816575,3.899233096,-0.439333171,1.639791275,-1.662381733,-0.124816625,0.268865093,-0.012062856,0.712671539,-0.490219629,-0.233028421,0.358427948,6.483699958,0.283757913,0.10114669,-0.054325365,2.385608052,-0.376118577,3.423756795,0.501785229,-0.154984505,3.907357191,-1.884016233,-0.614753293,0.319125923,0.213895177,0.665303835,-0.993241384,4.103130452,-1.299841204,4.124248629,3.912579419,0.944662578,0.234820659,2.2747931,-0.763691808,5.783508468,7.463620515,0.11928445,5.232838749,-2.755584656,5.476857071,-3.008686098,4.36769965,0.545206858,-0.02457901,0.073951752,-0.052323539,-2.271646691,1.0540701,-4.183983695,-1.674984259,2.012176883,-0.036829365,0.817971014,-0.774943698,2.272488104,0.694288112,-0.296575516,-2.036612977,-0.107554265,-2.562035785,-1.342932023,8.735324975,-1.82205122,4.775159081,3.275225764,2.9608294,0.75360746,0.406936997,-0.538208683,-0.893624976,0.280400496,8.172449539,-0.321892384,-0.989842033,-1.894303031,-0.27562118,3.937291661,-5.011588013,-1.447798047,-5.091961881,-1.273316244,15.1258143,2.026002652,-1.285555823,-1.048351687,-0.423714456,0.746582541,9.258614889,-1.857370751,0.362404906,0.387866332,1.999005626,-2.401357323,3.204348673,3.336567116,-0.185090262,-1.936912963,0.538355054,2.820403206,8.633793441,-1.083094627,-1.583722268,0.31562624,-1.532780415,0.363087589,0.454641427,0.353320852,0.11693822,0.347995151,0.367022785,0.311765703,0.350246651,0.364242952,0.300056678,0.383732908,0.35658679,0.340990809,0.379007723,0.34546485,0.438366405,0.147420107,0.360265332,0.374345653,0.345131208,0.380414834,0.380181422,0.376718994,0.375089284,0.377130731,0.38512801,0.382520343,0.369904915,0.379009465,0.379238636,0.369670263
"s15795",-1.473946015,0.546087849,3.921953803,0.1779665,-0.786406111,-0.454045595,-0.265389933,7.205419565,-2.174458972,-0.865636176,-2.772387719,3.089877849,5.60676055,-2.223980261,0.45983779,1.04868327,1.637874277,1.371042971,1.415430746,0.201060524,-0.91461868,1.172586648,3.156497372,0.31520467,0.965192132,0.172679907,-2.985184264,-2.054042973,-0.187074747,-0.221360809,0.239564847,10.12857323,-3.233258504,0.32036897,0.010810287,0.447661706,0.605129597,1.084316585,-3.964868416,0.263327041,5.31142605,-2.303805754,-1.222628434,2.513022821,-0.856224475,0.596465918,-2.018280504,4.604540456,0.653820528,-0.071317876,0.856017606,3.736133364,-0.196975938,4.695141247,-1.694266115,0.087443073,0.517158251,0.257031596,3.610522869,-0.238538406,-0.284541025,0.654717772,5.388691767,0.409477309,0.374565302,0.025029705,2.61230023,-0.11944625,1.985178891,2.972153459,0.112651427,3.849894534,-1.698966225,-0.295208276,0.60499834,0.488301759,0.924969149,-0.956908804,2.935967872,-1.166837256,4.643002088,3.900097099,0.81688459,0.505719864,2.503425109,-0.644461497,5.486535752,8.577297803,0.400438336,4.140954039,-2.751695576,5.123809107,-2.712641584,4.57572853,-2.007246361,0.281037614,0.309430125,0.197038564,0.184009822,1.234990174,-4.048518297,-4.22812407,1.361239999,0.230770788,1.113222736,3.178511433,2.360638376,-1.726739912,-0.139780165,-1.981040982,0.247571845,-2.604860703,0.908186378,9.135007246,-1.84150941,4.488388724,2.389731144,1.523632396,0.570503042,0.65562187,-0.407443618,-2.94281974,0.522813638,7.835543189,-0.069535104,1.47057359,-1.639024392,-0.031744724,3.861175576,-4.661136838,0.658874324,-4.858870188,-1.011182372,3.717477588,2.534646066,-1.014652962,-0.815721242,2.505983057,0.968295825,11.38698807,1.148332229,0.634743494,-1.636543846,-0.956926559,-2.459903149,2.100306356,3.785565727,0.150181015,-1.819171432,0.711295081,0.143024299,8.588827256,1.009311204,-1.552351252,0.583833445,-1.353630766,0.636967461,0.68851821,0.632590439,0.354075579,0.625029435,0.632788986,0.573654171,0.623304315,0.63699087,0.586873506,0.651173112,0.610268068,0.613492526,0.655642096,0.625165256,0.745557625,0.385720207,0.637085806,0.651505074,0.620464425,0.657476693,0.653822185,0.64945578,0.651362713,0.647115797,0.66132553,0.653012543,0.649499504,0.655792281,0.655343581,0.645550433
"s15830",-0.997815077,0.842195103,1.951835354,0.49826924,-0.449415057,-0.291509834,-0.02012197,5.818505152,-1.625209922,-0.573475017,-2.153561546,1.945073839,4.021736287,1.632790783,0.698629317,1.239109218,3.796711895,1.754718528,1.206301192,0.410631509,-0.484213476,2.33022083,3.359324298,-1.332243771,1.98255604,0.482366261,-2.553539826,-1.638148726,2.410317866,-0.013315285,0.367985676,10.41985928,-2.907169482,0.513070243,2.256254635,0.724139879,0.818864093,-0.557341451,-1.118629411,0.469634013,2.26794044,-1.784019275,-0.651654969,2.979171077,-0.558348182,0.794418088,-1.638615211,5.299039863,0.849948378,2.616478275,1.062232242,1.662397565,0.170684625,4.3758058,2.553216051,0.478505477,0.908910786,0.591876814,1.092212264,2.668483684,0.108663648,0.835673639,3.918230448,0.999617153,0.602343199,0.527242054,1.534325092,0.099663976,3.093347518,0.752946152,0.312107387,3.276580286,-1.285332182,0.05439552,0.789171766,0.644548376,1.271100004,-0.320742224,2.69142393,-1.112997918,0.575047072,2.204079024,-0.993783515,0.726734814,2.770424315,-0.242207067,6.547867365,5.432498486,0.64175037,5.775094105,-2.344877988,4.860270757,-2.496776491,2.731217532,2.780702538,0.545340697,0.644797776,0.426454415,-1.692886413,1.513523771,-3.719322228,-3.505003032,1.912169126,0.477542441,1.369778002,2.315337658,2.368992116,-1.349253527,0.289258171,-1.665790592,0.512663593,-2.088791498,1.32376822,8.08203473,2.440427168,1.907478954,0.434572682,-0.425571565,3.39678052,0.910655692,0.098147713,-2.51135058,0.789463165,5.953148515,0.072375007,2.89701059,-1.35869505,0.330412555,1.627123089,-4.333850052,0.8037397,-4.490731504,-0.735714382,8.573485156,1.834353363,-0.735491805,-0.357615341,-0.341853115,1.153615956,7.308858625,-1.467517824,0.844918813,1.371663096,-0.553024612,-1.940436803,0.94547839,2.754895945,0.401548818,-1.341776264,3.479057325,0.269085459,6.98240815,-1.100219712,-1.081637455,0.796914029,-1.276408913,0.862206418,0.922037664,0.830911472,0.293826763,0.714142061,0.843572127,0.822988698,0.827631088,0.837554964,0.800121559,0.85411136,0.824202932,0.82023513,0.82705849,0.827736848,0.963016718,0.602285028,0.833643594,0.849608891,0.831406256,0.85387335,0.854128641,0.851778917,0.848758189,0.848383257,0.858556348,0.8559268,0.848845043,0.85293504,0.853020413,0.843133499
"s15831",-1.359578456,0.660455408,3.09669398,0.292334059,-0.672038552,-0.339678035,-0.151022374,6.568814672,0.261836682,1.570659478,-2.65802016,0.882317313,3.650738782,-2.109612701,0.574205349,1.163050829,2.600238742,-0.836517565,0.8379206,0.315428083,1.521676974,0.438957301,2.353327091,2.195106976,1.331098458,0.287047466,-2.870816705,-1.939675414,-0.072707187,-0.10699325,0.353932407,10.22818163,-3.118890945,0.434736529,2.195567174,0.562029265,0.719497156,-1.123243951,-1.528572762,0.3776946,5.42579361,-2.189438195,-1.108260875,0.305462285,-0.741856916,0.710833477,1.266012057,4.467369248,0.768188087,0.043049683,0.970385165,3.850500923,-0.082608379,1.639583804,-1.579898556,0.201810632,0.63152581,0.371399155,0.554965427,-0.124170847,-2.49210156,0.769085331,5.503059326,0.523844869,0.488932861,0.139397264,2.096313386,-0.005078691,2.247645089,3.934517925,0.227018987,2.490330905,-1.584598666,-0.180840716,0.719365899,0.602669318,1.039336708,-0.842541245,1.576404243,-1.052469697,4.452515066,4.014464658,1.779249056,0.620087423,2.617792668,-0.530093938,5.369577765,5.521740361,0.514805895,5.103318505,-2.637328017,5.238176666,-2.598274025,5.538092996,-0.514367178,0.395405173,0.423797684,0.311406123,-2.023550714,1.349357733,-3.934150738,-4.11375651,-0.846320537,0.345138348,1.227590295,-0.407560726,2.074468006,0.709555742,-0.025412606,-1.866673423,0.361939404,-2.490493144,-1.299374158,8.862351682,0.594786244,3.22424466,2.504098703,-0.68392814,3.006798696,0.769989429,-0.293076059,-2.828452181,0.637181197,7.600576496,0.044832455,2.432938055,-1.524656833,0.082622835,1.65361504,-4.546769279,1.62123879,-4.744502629,-0.896814813,3.197973045,1.482655239,-0.900285403,-0.701353683,-0.549574385,1.082663384,9.179427536,-1.907225214,0.749111053,-1.522176286,-0.842559,-2.34553559,2.00054911,-1.30952008,0.264548574,-1.704803873,0.82566264,2.579319953,8.843202294,-1.198249332,-1.437983693,0.698201004,-1.239263207,0.75133502,0.802885769,0.746957998,2.790371233,0.739396994,0.747156545,0.68802173,0.737671874,0.751358429,0.701241065,0.765540671,0.724635627,0.727860085,0.770009655,0.739532815,0.859925184,0.500087766,0.751453365,0.765872633,0.734831984,0.771844252,0.768189744,0.763823339,0.765730272,0.761483356,0.775693089,0.767380102,0.763867063,0.77015984,0.76971114,0.759917992
"s16373",-1.843752567,0.124781352,3.214273925,-0.102398912,-1.217397129,-0.782571899,-0.634164915,3.813338161,-2.621116118,1.156552407,-3.153113217,-2.306477819,3.995940364,-2.671282052,0.18465099,0.650892392,2.621583888,1.09063998,1.07419137,-0.195804735,-1.446102871,-0.321176355,2.981478373,-2.534368695,0.310158396,-0.198631619,-3.322601592,-2.512433669,-0.628639772,1.68559636,-0.165928967,9.763193675,-3.600443539,-0.069811533,1.974778499,0.092447945,0.227760695,1.826821229,-4.355542751,-0.097153172,5.370034722,-2.691877831,-1.573827624,2.029003617,-1.152431137,0.225065617,-2.523410442,3.287089401,0.268719049,-0.178085464,0.494487154,0.99972885,-0.630815833,1.184626035,-2.227205216,-0.276760443,0.354585171,-0.110185692,3.379747751,-0.797439448,-3.151356757,0.266302191,6.098016123,0.140295065,-0.000165,-0.300074989,1.370219879,-0.464108523,1.988743794,0.182277197,-0.2516655,3.209908593,-2.146374876,-0.651694991,0.210295415,0.101804327,0.488656767,-1.455617056,-2.259107664,-1.537891757,3.762914857,1.058153809,0.326397681,0.120294733,2.029687658,-1.061331943,5.693191469,7.326748091,0.044434497,3.955328756,-3.056439119,3.27925022,-3.173320382,2.179837278,0.053473045,-0.136876943,-0.041946008,-0.201246649,-2.601755891,0.89320953,-4.352700564,-2.601246521,-1.508901173,-0.132905023,0.714937601,-0.976146921,2.155709197,-2.072740976,-0.600036896,-2.443809276,1.332855558,-2.782846507,-1.533746859,8.655828289,0.612779673,3.56523937,1.961927383,-1.315517291,0.168450803,0.324448844,-0.86107997,-3.410224586,0.151478747,6.945990709,-0.446584072,-1.243272611,-1.865790349,-0.408177246,1.171533885,-5.180568814,-2.003781968,-5.171331795,-1.491874963,3.091959299,1.148869107,-1.542021178,-1.207623967,2.040186354,0.621913745,8.970912828,-2.496626114,0.264106116,0.214717537,-1.673115457,-2.741840776,0.8941346,3.11962078,-0.221363773,-2.085048254,2.625516257,3.552505567,8.938506153,0.833337417,-2.020546639,0.216532689,-1.637725219,0.265925339,0.331174151,0.2477564,-0.161760924,0.241363583,0.256432222,0.183736166,0.248494832,0.252407674,0.196991073,0.273232211,0.216797997,0.234771135,0.273998898,0.235144857,0.326614394,-0.223584842,0.252983973,0.268881778,0.238252152,0.275649856,0.278849852,0.272120121,0.269748006,0.269179659,0.280629578,0.276559966,0.26504296,0.273709879,0.26223624,0.253179678
"s16313",-3.568685412,1.168789747,1.798770309,1.463295227,-1.869467091,2.142526249,-0.466205728,4.646937966,-4.589268497,-0.350664396,-1.377547681,0.5155338,4.943671416,-0.501211694,1.933968987,2.467797637,0.257072882,1.857337141,2.110501851,1.066485793,-0.367418213,2.159584088,3.214419191,-1.616011206,0.928847405,2.065752335,-3.40436072,-1.97492619,-0.244041566,3.369678544,1.211155455,10.48922186,-2.58901009,1.139490275,1.130008749,1.770253971,2.07200655,0.701919024,-2.559259261,1.333912695,6.337607141,-5.119247968,-0.252522193,0.34344964,-0.604693898,2.063008813,1.195826011,4.779056184,2.118791862,1.918286229,2.341885018,3.566830466,0.34602151,2.865464711,0.035086162,0.890662297,1.815074625,1.371084461,2.344731358,2.372949236,-2.374105934,2.095723638,4.507887117,1.179613224,1.591816184,1.004945596,0.753997303,0.374024895,3.361938131,3.510868321,1.012796838,2.69313303,-3.1698713,2.338705942,2.048879339,1.826416427,1.472572003,-0.172816611,2.82308396,-2.459792342,1.511421524,2.655038258,0.325571892,1.814766813,2.674597846,-1.278681949,5.954137721,5.867267566,1.585047326,4.449348716,-6.918183754,4.993692204,-5.689073938,3.914248489,1.526981617,1.310285889,2.920611716,1.26818136,-3.366904699,2.778742706,-2.896787418,-3.73730647,1.991362539,0.838514808,1.594504451,1.043073555,1.065678525,-0.100954797,-0.095797018,-1.34443295,4.72488978,-1.706048656,-1.005290177,9.215151183,-0.47574754,3.618716734,1.112447064,0.002143263,1.801077737,1.36233098,0.132489251,-2.287664085,1.774252159,5.664241773,0.759363819,1.523673636,-2.753839981,2.804335665,3.776610541,-4.017957166,0.620135501,-5.404251736,-1.855407458,16.43953851,1.419890393,-1.89728546,0.381935034,1.174037648,2.264641457,9.03734502,-0.783047105,2.082402767,0.211586898,0.718122361,-2.393104187,1.883983352,3.31785184,1.171266072,-0.84209714,2.358545322,-1.624545371,8.778829792,-0.628628431,0.831761897,1.837844551,-2.87132443,2.042365407,2.209294786,2.093456874,1.723437875,2.06214036,2.093676518,1.966641303,2.079937709,2.10227407,1.981933376,2.085548786,2.108198292,2.052598291,2.11754968,2.058809238,2.177562018,2.009232562,2.108118452,2.117438387,2.05309797,2.122631002,2.121900225,2.118576338,2.116054145,2.126468868,2.126447471,2.122414221,2.105485862,2.120660851,2.12077243,2.111963793
"s16315",-2.98059765,0.444409988,3.115766027,0.27780179,-1.097497395,-0.583094252,-1.098133714,5.336267159,-0.20388358,-0.486405131,-3.599845962,1.477618553,5.178350583,0.137353239,0.494406438,1.054008751,1.763729692,-1.359236887,0.577065714,0.130919616,-1.430955673,1.120778756,3.896640941,-0.18916571,0.754723143,-0.180473345,-1.863444226,-2.830776061,1.019700183,-0.742719683,0.12973524,10.29157712,-2.14101132,0.195452364,1.924248729,0.436858268,0.622745844,0.020814984,-3.145488122,0.210435921,5.639909957,-0.857525779,0.158934456,1.097386668,-1.051648628,0.605873386,0.021877892,4.775908593,0.648907099,0.459644107,0.877035112,2.355546541,-0.566045946,3.32606073,0.659675179,0.057257456,0.746302227,0.215570196,4.467474764,1.071297471,-0.920396839,0.653999222,5.979193593,2.427666645,0.354613449,-0.129394144,1.327895883,2.068739422,2.55187163,0.488337829,0.0228687,3.007283067,0.440301223,-0.466329989,0.611748778,0.479584314,0.922477819,-0.04488367,3.573876427,-1.508201028,2.126098187,2.253359575,-0.237029185,0.48399705,2.366580698,0.889648024,6.26166161,6.083188545,0.341285291,4.170130838,-1.167683725,5.821914784,-3.264802377,2.917070166,0.081499932,2.43881439,0.066449255,0.040852118,-3.99297296,1.405037582,-3.974894209,-1.989788884,0.700818389,0.100480936,1.004490134,0.377399468,1.793855917,0.872063895,0.77822643,-1.865106211,0.618574716,-4.028884763,-1.704755682,8.475350878,0.760324255,5.073770542,2.390958791,0.528732015,2.022947378,0.429472671,-0.799710852,-1.986018619,0.535783725,6.908313322,-0.159117714,1.706644548,-1.94743372,-0.62991858,2.483190997,-4.000180635,1.585229601,-5.611444182,-2.023119129,0.122753228,0.986634021,-1.337726505,-1.135475001,2.226428046,0.955121408,9.262949597,-0.43175575,0.633223613,-1.307123549,1.491490014,-0.705267609,1.932625595,3.365489585,0.086129268,-2.445146961,2.387084317,-0.195334396,6.078044443,0.337797709,-0.040945217,2.77838013,-1.695825903,0.636472383,0.744990916,0.624464584,0.419876102,0.573884893,0.640586076,0.580524247,0.621837175,0.638166921,0.574464818,0.61805742,0.664699071,0.607920268,0.651558375,0.620996257,0.701677114,0.522259782,0.641949975,0.649298577,0.623342211,0.653820954,0.652848045,0.649072013,0.649038932,0.661240358,0.657019907,0.655159107,0.644281527,0.653611494,0.653228721,0.645860841
"s16376",-1.005687884,1.002948085,2.334566477,0.58838701,-0.370247738,0.050314062,0.248084459,4.388098698,-1.735080181,-0.364042324,-2.32752555,-1.42189125,4.827179222,-2.10589885,0.924566208,1.497050301,2.137210157,-0.461253637,1.889061351,0.607950871,-0.557167626,0.510290801,-0.803052754,-1.699810441,1.192841343,0.650419506,-2.446926021,-1.57082231,0.247767054,0.228553763,0.684996715,9.80166947,0.359669047,0.815320509,1.01543081,0.93511134,1.067366062,-1.021507838,-3.724831759,0.71979483,5.717744999,-1.846209131,-0.653328263,2.888232969,-0.392265766,1.071542104,-1.615097319,4.381989103,1.115584165,0.744832861,1.304201467,1.855877083,0.31915666,5.066359287,-1.384360406,0.582999878,4.226570077,0.715397043,0.933206854,0.216924893,-2.26648934,1.105042113,6.797766306,0.986332649,0.839808073,0.481918173,1.638633973,0.396792659,2.484537116,0.993822921,0.618283305,1.71852527,-1.247809762,0.135337935,1.055755329,0.957756921,1.401915327,-0.595273482,3.196976867,-0.663485802,2.901448989,1.816813196,-1.137510226,0.9564735,2.91979063,2.152092345,6.233875882,5.946036883,0.850139967,4.493956028,-2.142714649,4.655463433,-2.266714245,2.95667608,0.600727628,0.722360859,0.832574686,0.6866593,-1.740085802,4.032212657,-3.519948487,-3.878621354,-0.798786659,0.699408768,1.546196653,-0.116474157,0.740654284,-0.993356104,0.318299768,-1.472357616,0.61998453,-1.966656581,-0.819633787,9.171643219,1.497169491,4.266268024,0.503816505,-0.607717311,1.098558389,1.174021637,0.083406496,-2.484402519,0.977930336,6.882185463,0.40389381,1.831132106,-1.086696005,0.403126366,4.342317527,-4.380970418,1.065119011,-4.35481044,-0.636726614,2.916748171,0.595830944,-0.468272737,-0.38571688,2.113372447,1.444451088,9.50994437,0.671862634,1.093078495,-1.233541176,2.407694364,0.444289694,1.67591195,3.147344989,0.607075122,-1.258432143,1.18354049,0.597149765,6.779751261,-0.681009431,1.116702801,1.068544136,-0.79542858,1.065373503,1.171944617,1.093003013,0.53783286,1.08238762,1.09627826,1.043360757,1.089880265,1.098655785,1.044968163,1.112346958,1.131531751,1.079985403,1.11713511,1.086879187,1.169214051,0.83504328,1.088756138,1.112859762,1.083359493,1.111629577,1.11923123,1.112913063,1.113272489,1.107717963,1.123863833,1.120003328,1.111221257,1.11952657,1.117070785,1.107341028
"s15863",-2.730913652,-0.424705412,2.741277675,-0.13053711,-3.319238914,-1.933216619,1.599264022,4.282648027,-1.852438546,1.113589115,-3.023739642,1.169973273,4.127533224,-0.552490465,0.288493968,0.781051893,1.673528433,0.471211118,1.146442931,-0.591012411,1.830174924,2.032191567,3.752382252,0.159374868,0.93647301,0.485160962,-2.965051381,-2.602921551,1.317230472,1.75818369,1.838510435,10.1593072,-2.072997967,1.789578098,2.179685843,0.138587119,0.403164925,0.388865978,-3.622436711,-0.33993489,4.375750387,-1.748212753,-1.173846808,1.404394857,-2.208637837,0.367933505,-0.892640091,4.875851915,0.445718433,0.076983024,0.668528724,1.862477882,1.909251528,3.26396757,-0.717047004,-0.60997436,0.458783398,-0.180375725,0.176566288,1.187104871,-0.776343722,0.402342037,5.647422927,-0.225868613,-0.063241568,-0.513993994,1.430688384,-1.328694061,0.966960648,-0.424142009,-0.666289566,2.582856777,-0.620012674,-1.462607219,0.367181897,0.105425409,-0.014690181,0.245043678,3.493684749,-0.084141005,2.536800806,2.29265705,1.387362798,0.164793729,4.80036373,0.948091258,6.528603099,6.391643789,-0.009950547,5.1984275,-1.801017318,5.666420846,-1.677691013,2.235656979,-0.579864851,-0.288181401,2.215057551,-0.401386472,-1.413512863,1.188417146,-3.12708874,-2.435036866,1.673654977,-0.845911881,2.270915627,0.680928284,2.231131982,-1.186382623,-1.713164695,-2.125725572,0.062613734,-0.861620459,-2.555770316,8.369915363,-1.084272086,4.666289333,2.180895955,-0.066507027,0.833182981,-0.292076875,1.771784229,-1.5381064,0.144013395,6.212766447,1.316618594,1.606074857,-1.165521775,1.194229605,1.767563983,-5.410315318,0.066693481,-4.306027083,0.55143954,-2.725989631,0.987444111,-1.297652224,-1.022137001,0.450811553,0.586678297,10.05297445,-1.063485465,0.412785192,-1.301539607,0.570002315,-0.949479419,1.916947071,1.924370579,-0.479278237,-2.281492709,1.640247578,-3.489002207,6.88667895,1.035961277,0.0591885,0.319581942,-0.640501395,0.382177301,0.533997383,0.424385891,0.267367476,0.285895986,0.42248705,0.353067851,0.409231731,0.430803163,0.32376288,0.460105951,0.445456149,0.394827907,0.419060426,0.389550795,0.552108391,0.374251472,0.434718463,0.447228593,0.388882792,0.449045025,0.448616264,0.445878366,0.4437059,0.452879938,0.453571761,0.450569879,0.433904393,0.448127957,0.448388638,0.439603608
"s15871",-1.085388306,1.312955806,2.580917456,1.686357678,-1.546976453,0.09674867,-0.027201882,4.102278545,-1.130876979,-0.039895879,-2.027048279,1.713209717,5.738082795,-0.986402944,2.345082629,2.703704407,3.87448247,0.914957208,1.557603396,1.309377598,0.126020025,2.774091951,4.064704608,-1.438061321,0.220996019,-0.036432786,-1.453282551,0.292604398,0.212268016,0.498892365,1.508574361,11.0955085,-1.770477168,1.43454395,2.106360802,2.029866565,2.329819099,-1.210449781,-3.65833531,3.884028798,6.885228495,-2.548878685,0.90367127,3.219735025,2.023299975,2.329304807,0.542639747,4.724167691,2.378839621,2.272885374,2.550711721,4.157771639,0.577355572,3.032890619,1.205611158,1.173120241,2.45719564,1.6159393,2.819688491,0.605532098,-4.526324186,2.338547538,5.606583735,1.47923261,1.851851117,1.277401704,1.746328659,0.596265921,3.300284427,1.719130981,1.242314762,-0.559922313,-2.950780016,0.299176987,2.304959004,2.07334283,2.173032392,0.699218154,2.91204108,-1.936909603,3.538466935,0.854526264,1.268585372,2.098834137,2.939849701,-0.768720711,6.636463621,6.41093767,1.888291131,5.09878355,-1.990733239,4.991539187,-2.350941124,4.114750944,1.597123408,1.510034728,0.870474843,1.631858426,-3.034611051,3.076755127,-3.613344289,-7.223048997,0.574505568,1.046374843,1.786730151,1.145863981,3.504766795,-0.723603083,0.06178049,0.71722836,2.809161275,-2.823053815,-0.262320817,8.81907439,-2.036341689,5.168550503,1.754640016,0.225209347,-0.891848256,1.615999946,0.234811796,-1.484586676,1.956393248,6.790654174,1.003173608,2.077081719,-2.303140393,3.034509519,4.174136549,-4.022104198,-0.093870041,-5.38995682,-1.661843543,9.798281832,1.940932783,-1.677618234,0.687954526,1.710116569,2.607655749,12.37521896,-1.311318485,2.331690237,-0.009463429,1.978899156,-1.404933897,-1.659935908,2.830834471,1.413354518,-0.394372517,1.35739763,-1.807076622,7.551378685,-2.052740399,1.295779821,2.247349239,-2.582145412,2.219681787,2.408937994,2.350694133,2.504965062,2.318408881,2.350450823,2.24504063,2.337758181,2.352952404,2.236597133,2.392376743,2.350587595,2.321183704,2.374857182,2.305025298,2.432642263,2.178698254,2.364159154,2.37484624,2.302462542,2.379895841,2.369825897,2.374908296,2.374414722,2.383623918,2.383828711,2.380178379,2.361600196,2.37816333,2.377575681,2.369226333
"s15953",-1.526845793,0.422503211,2.872541352,0.078914527,-1.012830285,-0.550882112,-0.398339053,1.903713979,-2.287764082,1.440937517,-2.907579759,1.68243115,3.336187767,0.800712098,0.330917285,0.91266791,2.619456454,1.508261502,1.219419215,0.054942662,2.175371056,3.058469864,1.872304524,1.805365037,1.77494649,0.049770583,-2.935646888,-2.175343509,-0.316144317,-0.415007482,0.049371741,10.57412856,-1.039553349,0.171723463,1.980081457,0.34261968,0.474518667,1.760446453,-3.873567196,0.130294547,5.386535143,-2.310260546,-1.213002688,-0.094961191,-0.967591293,0.476306345,-1.950359283,2.283850893,0.509834756,0.122666334,0.722401485,1.353563098,-0.235807442,4.820105587,-1.877762835,-0.034044917,2.573943057,0.13014995,2.994003663,1.841140997,-0.209503866,0.515868189,3.2040806,0.391911938,0.2442139,0.032994593,1.660260174,-0.210804119,3.368659023,2.674769432,-0.021993261,3.014127102,-1.760915018,-0.479406465,0.457682157,0.352352343,0.745175137,1.258194524,3.059208751,-1.414373465,3.772973358,1.401270087,-1.510766019,0.363520847,2.331911099,-0.781727607,6.732427362,5.216863307,0.223561191,4.804241648,-2.655052514,5.460756725,-2.793426012,2.396621992,-0.295563047,0.130620936,0.185161797,0.082835195,0.150749276,1.090662279,-4.032065858,-2.009146751,1.173620915,0.148782079,1.002107869,-0.52723558,2.080274378,-1.720619404,-0.106561204,-1.980147181,-0.008172413,-2.538322007,-1.460866787,9.591271129,0.187767756,4.515065392,2.179567764,1.298838846,0.560074847,0.551876496,-0.384409314,-0.630239127,0.406514878,5.378801247,-0.176138723,2.675891436,-1.790275305,2.249259659,1.622982595,-5.10277759,-1.483168734,-5.031394566,1.253642505,4.210564598,1.653166632,-1.026383998,-0.966730357,3.303645677,0.818392065,10.99428766,-2.390206257,0.501349337,0.620063783,3.047882847,-2.318591678,2.527527214,4.162670891,0.038906076,-1.915567746,2.876045723,0.120355244,9.081852908,2.368916439,-1.791736393,0.301989588,-1.432956157,0.509207474,0.584148016,0.486795404,-0.26328989,0.477199385,0.501574544,0.423375099,0.485150015,0.49583882,0.445105004,0.466367144,0.473758025,0.464818463,0.512360692,0.48380824,0.575283294,0.224079067,0.493856532,0.506631633,0.482434384,0.514272276,0.51422555,0.511289839,0.507919384,0.508785135,0.518245007,0.514584092,0.507239461,0.512280884,0.512217153,0.502306634
"s15867",-2.050171949,1.839306303,1.769315478,-0.188116312,0.179561088,-1.830813385,1.052307734,5.160682184,-1.848362613,-2.002075936,-3.415982343,2.294110101,4.287134845,-0.895660651,0.282557448,0.816386097,2.693124184,1.808922025,1.577271738,-0.584925746,1.151095249,1.912562804,2.888678149,-1.239942009,0.739166601,2.484730124,-1.54481034,-0.456412727,1.274471896,1.718267005,-0.440256084,10.56919438,-2.357377775,1.810006831,2.378070333,0.118842432,0.420595011,0.429019108,-3.588939565,-0.317498844,7.856120603,-1.726265388,-0.430002544,2.392477819,0.913819565,0.411597274,0.100807821,4.868649519,0.467380323,0.26687469,0.690473479,1.915418927,-1.305390029,4.355195273,-0.142394189,1.561178852,0.163663086,2.041601017,3.604157599,-1.600390398,-0.855592472,0.444312099,5.685363661,1.293736431,-0.059595355,-0.646465943,1.132062965,1.892538357,1.76252123,1.859456782,-0.638614701,2.884995987,-1.651357838,-1.634633692,0.3974678,0.175004888,-0.178839536,-0.136172156,3.477757446,0.746777114,3.152791734,3.539679619,2.104148194,0.163355274,1.023186307,0.239831513,6.334971978,7.916295745,-0.066364214,6.885400018,-1.238678415,5.718624451,-3.640045759,2.26283695,-0.124429922,-0.341125651,-1.052727919,-0.383230179,-0.89362049,1.127331166,-3.658757333,-3.597304631,0.896344348,-0.812896732,-0.056907088,1.002387612,1.980613809,0.349995381,1.953231161,-1.521913301,2.225481335,-0.949375456,-0.586312389,8.753435027,-0.056769751,4.867254181,2.004820619,-0.3022492,2.337293201,2.032847536,-1.518922288,-1.617147529,0.122840619,7.018562045,-0.89204772,0.564139802,-0.704811802,-1.169003969,2.125199001,-4.551187279,0.773399783,-4.322947154,-3.506818997,1.591009673,1.139634463,-0.378771998,-1.269476505,0.901137732,0.613229918,9.707861576,-1.663359607,0.430991228,-1.225699836,0.832245568,-1.722587631,2.660433353,3.131108568,-0.480145467,-2.493508679,1.399011487,-0.954028815,8.4142994,0.803243162,0.097888197,0.186433012,0.834816036,0.390953868,0.557883246,0.442045335,0.072026335,0.410728821,0.442264979,0.315229764,0.42852617,0.450862531,0.330521837,0.434137247,0.456786753,0.401186752,0.466138141,0.407397699,0.526150479,0.357821022,0.456706913,0.466026848,0.401686431,0.471219462,0.470488686,0.467164799,0.464642606,0.475057329,0.475035932,0.471002682,0.454074323,0.469249312,0.469360891,0.460552254
"s15919",-1.910928069,0.021217983,3.603548499,-0.243474309,-1.235790934,-0.820182883,-0.504786493,5.339364459,-2.544748852,-1.115673347,-3.184993804,-1.896298655,5.232846116,-0.281057864,0.19657964,0.603123394,2.521489755,1.660887895,2.49069431,-0.24761682,-1.046566994,2.162291859,3.021613033,1.050840513,-0.925308862,-0.27593773,-3.295554752,-2.523653535,1.916642074,-0.661319946,-0.19866064,10.14998149,-3.34748703,-0.078674148,2.589556276,0.056780988,0.18687993,-1.545370545,0.469716059,-0.186968731,5.388705211,-2.607270644,-1.519798351,-0.086055187,-1.206976801,0.197151053,-2.231458993,5.07838795,0.224431229,-0.068185807,0.385776901,1.399052984,-0.549924666,3.876483033,1.386721159,-0.297038259,2.670612785,-0.170446499,0.769038161,-0.471727427,-2.907173405,0.213240803,5.889776228,0.146080038,-0.041202454,-0.240000586,2.20517105,-0.534014379,3.21659618,0.337580805,-0.337926623,2.385545473,-2.08727502,-0.742458612,0.168310536,0.05382746,0.90018424,-1.267664809,2.831961979,-1.436942013,3.345541142,4.547159903,2.056721176,0.102136884,2.051711668,-0.817217656,6.540849748,8.915521843,-0.01864629,4.908225196,-2.916909474,4.972653433,-3.170669486,2.05167316,0.172543929,-0.215081512,-0.088498267,-0.098939025,-2.384336457,0.843223414,-4.221317673,-1.49190394,2.355359027,-0.188809173,0.648882283,-0.804837194,2.62995696,-1.971181137,-0.494434981,0.169934944,0.700572796,-0.500338735,1.058579382,7.646917006,0.403650416,4.220007823,-0.493077643,-1.004437534,0.491622569,0.260094175,1.49439004,-3.160204672,0.043204681,6.343170909,-0.477780221,-1.016591486,-1.885027004,-0.387945868,1.475057318,-5.152804899,-1.685292386,-5.175527814,-1.420172961,14.14651651,2.265190321,-1.352168057,-1.206162152,1.528738565,0.615955071,11.15992764,-2.457596675,0.205185521,-1.911972577,1.997673609,-2.509744776,1.560384927,3.555151618,-0.264456764,-2.013294409,0.386030272,7.352374639,7.836302292,-1.457812036,0.448758339,0.166042989,-1.689228425,0.141072567,0.238339937,0.198581376,-0.027213989,0.18801662,0.212897562,0.156323139,0.1975192,0.201065868,0.154317475,0.227743815,0.17069604,0.187952589,0.224216907,0.184573014,0.284912253,-0.151906527,0.204445947,0.2185882,0.186347669,0.226085829,0.216699936,0.22217051,0.220828674,0.220488899,0.23017496,0.226896962,0.217902508,0.224332076,0.223569117,0.214117887
"s15966",-0.90998974,1.110044124,2.973097363,0.741922775,-0.222449836,0.109910681,0.298566342,6.053168806,-1.610502697,2.020248194,-2.208431444,2.179902936,1.778399403,-1.660023985,1.023794065,1.612639545,-0.120097543,-0.386928849,1.674532439,0.765016799,-0.350662405,3.210474112,-0.367009194,-1.442767149,0.306755986,0.736636182,-2.421227989,-1.490086698,0.376881529,0.342595466,0.803521123,10.10205,-2.669302229,0.884325245,1.422763469,1.011617981,1.169085872,-0.673655235,-3.400912141,0.827283316,5.027385419,-1.739849479,-0.658672159,0.755051001,-0.2922682,1.160422193,0.867603866,2.846568636,1.217776803,0.492638399,1.419973881,1.978161544,0.366980337,2.08917252,-1.13030984,0.651399348,1.081114526,0.820987871,1.004554143,0.325417869,0.279415251,1.218674047,5.952648042,0.973433585,0.938521577,0.58898598,1.847930639,0.444510025,2.38407592,1.21418164,0.676607703,-0.230005381,-1.13500995,0.268748,1.168954615,1.052258034,1.488925424,-0.392952529,2.943530799,-0.602880981,0.814640941,2.142125279,2.228837772,1.069676139,3.067381384,-0.080505222,5.641379362,5.971329077,0.964394611,6.083421937,-2.187739301,4.7225308,-2.148685309,2.81775671,-1.443290086,0.844993889,0.8733864,0.760994839,-1.573961998,1.798946449,-3.484562022,-3.664167794,-0.396731821,0.794727064,1.677179011,0.04202799,1.967663373,-1.162783637,0.42417611,-1.417084707,0.81152812,-2.040904428,-0.849785442,7.933428775,1.892371867,3.673833376,0.631759324,2.087588671,3.456387412,1.219578145,0.156512657,-2.378863465,1.086769913,7.069794019,0.494421171,2.034529865,-1.075068117,0.532211551,2.103203756,-4.097180563,1.222830599,-4.294913913,-0.447226097,1.959505768,2.168311313,-0.450696687,-0.251764967,-0.099985669,1.5322521,10.47701316,2.242803221,1.198699769,1.249340524,-0.392970284,-1.895946874,2.198599059,3.783924826,0.71413729,-1.255215157,1.275251356,0.706980574,8.047987341,-0.748660616,1.333533118,1.14778972,-0.789674491,1.200923736,1.252474485,1.196546714,0.918031854,1.18898571,1.196745261,1.137610446,1.18726059,1.200947145,1.150829781,1.215129387,1.174224343,1.177448801,1.219598371,1.189121531,1.3095139,0.949676482,1.201042081,1.215461349,1.1844207,1.221432968,1.21777846,1.213412055,1.215318988,1.211072072,1.225281805,1.216968818,1.213455779,1.219748556,1.219299856,1.209506708
"s15994",-1.069898033,0.898635886,1.030356694,0.671455622,-0.443542595,-0.008717365,0.139689619,2.2652646,-1.847261584,2.778403847,-2.379258683,1.637301716,4.769794898,0.424500577,0.958505524,1.424746926,2.016926799,-0.457433581,2.248583834,0.578049799,1.649679758,2.218212925,-0.888523283,1.409410841,1.388867512,0.575222915,-2.548747058,-1.738579135,0.145214762,0.137522799,0.607925567,10.55211566,-2.826589005,3.873968002,2.348095103,0.866302479,1.001615229,2.070161046,-3.581688217,0.676701362,4.765377633,-1.918023297,-0.79997309,0.480930056,-0.378576603,0.998920151,0.572372187,4.060943935,1.042573583,0.59576907,1.268341688,1.773583384,0.143038701,1.958480569,-1.453350682,0.497094091,1.128439705,0.663668842,3.305605379,-0.023584914,-0.055574128,1.040156725,3.701945656,0.914149599,0.773689563,0.473779545,2.36364079,0.309746011,2.762598328,0.956131731,0.522189034,2.509831939,-1.372520342,0.122159543,0.984149949,0.875658861,1.262511301,-0.681762522,0.836674964,-0.764037223,2.771234645,1.832008343,1.948249122,0.894149267,2.803542192,-0.287477409,6.095678975,5.77867453,0.818289031,2.407255195,0.03934351,5.580351756,-2.399465848,2.953691812,1.013740704,0.636977591,0.731908526,0.572607885,0.494026738,1.667064064,-3.57884603,-4.149320082,2.434878363,0.640949511,1.488792135,2.119635708,2.795262639,-1.298886442,0.173817638,-1.669954742,-0.215218003,-2.008991973,1.56203577,7.664148077,0.5386373,1.169168903,2.735781917,-0.541662757,4.112230338,1.098303378,-0.087225436,-2.636370052,0.925333281,7.14665991,0.327270462,1.852510018,-1.091935815,0.365677289,1.945388419,-4.40671428,1.092000661,-4.397477261,-0.718020429,2.595724669,2.020570964,-0.768166644,-0.433769433,1.966043981,1.395768279,11.51030211,-1.72277158,1.03796065,-1.333356024,2.270664079,-1.967986242,2.224382482,3.893475314,0.552490762,-1.31119372,1.077442696,-0.065957321,9.445669258,-0.714736144,1.07523599,3.312315318,-0.863870685,1.039779873,1.105028685,1.021610934,0.61209361,1.015218117,1.030286756,0.9575907,1.022349366,1.026262208,0.970845607,1.047086745,0.990652531,1.008625669,1.047853432,1.008999391,1.100468928,0.550269692,1.026838507,1.042736312,1.012106686,1.04950439,1.052704386,1.045974655,1.04360254,1.043034193,1.054484112,1.0504145,1.038897494,1.047564413,1.036090774,1.027034212
