Sample_Number,Firmicutes,Actinobacteria,Bacteroidetes,Chlamydiae,Proteobacteria,k_Bacteria,Cyanobacteria,Chloroflexi,Gemmatimonadetes,Aquificae,Acidobacteria,Thermotogae,Deinococcus,Synergistetes,Planctomycetes,Fibrobacteres,Tenericutes,Spirochaetes,Verrucomicrobia,Nitrospirae,Fusobacteria,Thermodesulfobacteria,Armatimonadetes,Ignavibacteriae,Chlorobi,Caldiserica,Lentisphaerae,Candidatus_Cloacimonetes,Chrysiogenetes,Deferribacteres,Elusimicrobia,Rhodothermaeota,Nitrospinae,Dictyoglomi,Primary_Site
s15486,1537049,646147,167059,102972,609895,1,8784,389,19,18,319,197,327,3,5967,1,5055,4361,547,13,393267,105,2,0,22,0,0,0,7,30,1,0,2,0,Base_of_tongue
s15513,54658,33474,6338,1189,95092,0,655,7,0,1,2,13,213,1,1576,0,914,608,48,90,13,11,0,0,0,0,0,0,0,0,0,0,4,0,Base_of_tongue
s15548,5505652,2972820,196497,467689,2304559,0,35507,1493,29,69,1145,378,1712,9,21360,1,15469,11239,2516,60,980,345,7,1,47,1,0,0,27,50,11,1,8,1,Base_of_tongue
s15569,34515,20929,8117,1824,146910,0,577,8,0,0,8,27,72,1,1932,0,2133,1272,6,1,17,20,1,0,0,0,0,0,0,1,0,0,3,0,Base_of_tongue
s15585,37535,38371,10742,1802,76900,0,485,14,1,4,7,32,287,0,2732,0,2454,1408,89,1,134,24,0,0,0,0,0,0,0,1,0,0,3,0,Base_of_tongue
s15593,28476,19890,5110,707,61517,0,236,3,0,0,2,16,67,1,785,0,591,292,34,113,22,7,0,0,0,0,0,0,0,0,0,0,3,0,Base_of_tongue
s15603,32234,17853,8773,1267,41655,0,721,5,1,0,3,27,72,0,1544,0,1717,1012,3,46,22,21,0,0,0,0,0,0,0,0,0,0,3,0,Base_of_tongue
s15636,579107,320738,44391,54944,224002,0,3951,145,4,25,30,249,254,2,6399,1,8486,47149,375,4,5944,129,1,2,6,0,0,0,2,4,3,1,0,1,Base_of_tongue
s15673,50738,50167,8057,1453,95121,0,521,6,2,2,8,37,67,1,1730,0,2033,1177,27,3,31,25,1,0,2,0,0,0,0,0,1,0,3,3,Base_of_tongue
s15679,66126,40572,10068,1236,124395,0,374,9,0,0,7,26,191,1,1521,1,1608,850,71,370,26,14,0,0,1,0,0,0,0,0,0,0,1,0,Base_of_tongue
s15693,46204,30228,10949,1524,82087,0,1652,10,0,0,9,44,140,4,1888,1,2462,2615,7,123,56,30,0,0,1,1,0,0,0,0,0,0,8,1,Base_of_tongue
s15734,60746,41057,10663,1713,90939,0,4206,21,6,1,14,36,286,1,1720,0,2141,1256,16,207,36,22,2,0,1,0,0,0,0,2,2,0,7,1,Base_of_tongue
s15789,26341,23723,11878,1398,93341,0,597,6,0,3,7,24,901,2,1351,2,1296,752,4,11,18,20,1,0,0,0,0,0,0,0,1,0,5,1,Base_of_tongue
s15795,25016,25629,8742,1559,105847,0,1409,10,1,1,9,18,110,3,1558,2,1942,1284,5,6,59,14,0,0,0,0,0,0,0,0,0,0,7,1,Base_of_tongue
s15830,3937266,2269386,115752,336273,1716214,4,34448,444,6,130,730,751,1043,7,25490,0,24310,12467,3600,10,598,389,0,0,16,1,0,0,22,17,1,2,2,0,Base_of_tongue
s15831,418479,206871,19386,26376,208003,0,4952,91,7,16,36,370,105,3,8918,0,12197,6171,88,11,163,164,0,0,6,0,0,0,1,4,0,0,0,0,Base_of_tongue
s15840,63860,50846,16697,2524,100124,0,765,9,2,3,16,17,91,5,2557,2,1986,1167,4,37,72,14,0,0,0,0,0,0,0,0,0,0,4,0,Base_of_tongue
s15863,4899319,2330112,230721,415260,2440109,1,39078,1873,31,62,1537,1318,770,114,22633,0,20268,22209,4609,97,7847,314,5,0,61,1,0,0,21,98,28,0,5,1,Base_of_tongue
s15867,377537,236964,28672,26698,148244,1,2127,46,2,8,27,92,156,3,4598,0,4662,2248,90,7,4539,66,0,0,2,0,0,0,3,1,0,0,0,0,Base_of_tongue
s15871,523292,282374,9355,27080,183746,0,2155,52,0,5,25,145,82,2,3683,0,5292,2653,128,1,85,69,0,0,1,0,0,0,0,1,1,0,0,0,Base_of_tongue
s15919,308557,140381,10215,21872,144166,1,1884,42,0,7,17,111,58,2,3246,0,4730,2361,108,2,81445,65,0,0,1,0,0,0,1,4,0,0,0,0,Base_of_tongue
s15953,478933,299453,9805,29414,178900,0,2713,38,1,13,33,144,118,2,3976,0,5593,2821,203,4,77,77,0,0,0,0,0,0,2,2,0,0,0,0,Base_of_tongue
s15966,39180,18465,8607,1488,106961,0,530,3,2,1,1,22,64,3,1968,0,1672,926,2,4,57,12,0,0,0,0,0,0,0,0,0,0,4,0,Base_of_tongue
s15994,25864,30386,9312,1607,65268,0,565,7,0,1,8,17,85,5,1157,0,1226,2646,11,4,19,5,0,0,1,0,0,0,0,0,2,0,5,0,Base_of_tongue
s16024,3813827,2923848,11928,30056,756348,1,1871,62,3,2,28,112,32,0,2847,0,4488,3128,147,3,61,58,0,0,2,0,0,0,0,1,0,0,0,0,Base_of_tongue
s16039,9072011,4755301,744589,726626,6351293,12,75092,832,30,209,1645,1818,2028,28,57042,2,73956,450783,6922,25,370232,1093,1,5,45,1,1,4,39,41,5,0,4,3,Base_of_tongue
s16080,115726,98180,8811,1840,621007,5,538,225,4,46,54,74,332,11,1499,11,1376,995,32,460,129,20,13,1,2,1,10,2,5,57,13,1,1,54,Base_of_tongue
s16082,369648,190638,9598,27458,133866,2,2483,55,4,10,10,136,217,0,4235,0,5319,2773,203,3,129,71,0,0,0,0,0,0,1,1,0,0,0,0,Base_of_tongue
s16101,284602,138238,10442,1355,429938,0,596,9,0,1,6,16,324,1,1756,1,984,854,156,120,17,7,0,0,0,0,0,0,0,0,0,0,1,0,Base_of_tongue
s16152,34896,34218,9917,1846,108798,0,282,5,0,1,9,14,92,3,1073,1,919,758,33,6,199,4,2,0,0,0,0,0,0,0,0,0,7,0,Base_of_tongue
s16163,7961090,3569239,540350,622611,3313789,2,70844,1066,21,210,1586,1113,2198,302,60725,4,58801,217655,5791,25,230781,1145,3,3,47,0,1,4,31,92,8,2,25,5,Base_of_tongue
s16194,74828,48597,26492,893,132602,33,749,441,1216,119,877,42,166,40,1489,31,1415,1152,481,73,139,27,45,40,17,11,3,16,17,61,10,23,12,4,Base_of_tongue
s16241,27319,27369,10992,1686,83426,0,1608,12,1,1,12,28,125,2,1442,0,1809,1130,9,140,11318,17,2,0,1,0,0,0,0,1,1,0,3,0,Base_of_tongue
s16252,2403993,1433792,136036,180852,2638479,7,34735,778,9,127,956,2395,2040,8,42726,0,37033,31124,1492,21,951,671,1,0,32,0,1,0,7,47,6,0,5,1,Base_of_tongue
s16305,41704,21744,9797,1486,58357,0,659,10,0,1,13,20,35,3,2000,1,1487,1127,6,20,88,20,0,0,2,0,0,0,0,1,1,0,7,0,Base_of_tongue
s16313,30893,25897,8168,1528,100150,0,292,4,0,1,4,24,76,1,1286,1,1513,882,42,70,168,19,0,0,1,0,0,0,0,0,0,0,3,0,Base_of_tongue
s16315,417919,280848,240915,18819,124703,2,1479,29,1,12,12,86,33,2,1872,0,2933,1468,116,8,419284,29,0,0,1,0,0,0,0,2,1,0,0,0,Base_of_tongue
s16373,52764,29634,9169,1587,111294,0,497,16,1,1,1,24,101,0,1629,1,1694,944,17,54,20,15,0,0,0,0,0,0,0,1,1,0,0,0,Base_of_tongue
s16376,1531003,42328,5730,1399,165626,0,581,16,3,2,4,23,174,1,1712,0,1320,733,60,70,11,10,0,0,0,0,0,0,0,1,0,0,2,1,Base_of_tongue
s15492,201753,126488,7169,876,573868,0,490,22,1,1,8,6,827,0,3380,0,762,592,698,82,16,11,0,0,0,0,0,0,0,0,0,0,3,0,Floor_of_mouth
s15504,2228883,55801,6378,907,197838,0,361,5,0,2,5,14,85,0,1223,0,1237,729,56,52,32,16,1,0,0,0,0,0,1,0,0,0,3,0,Floor_of_mouth
s15524,352893,216178,9921,23793,130341,1,1664,44,0,10,13,99,31,0,2578,0,3726,2091,74,4,19838,55,0,0,0,0,0,0,1,1,1,1,0,0,Floor_of_mouth
s15549,99853,59571,7982,1310,205764,0,498,15,0,1,6,11,301,0,1870,0,1178,951,107,1009,1151,18,0,0,0,0,0,0,0,0,0,0,7,0,Floor_of_mouth
s15562,40775,27101,5634,985,343282,0,274,2,0,1,0,25,30,2,1009,1,932,658,7,56,265,7,0,1,0,0,0,0,0,0,0,0,8,0,Floor_of_mouth
s15588,810727,34151,5464,832,106473,1,280,4,2,0,36,12,79,11,1098,0,1083,1343,17,80,116,12,0,0,0,0,0,0,0,0,0,0,8,0,Floor_of_mouth
s15597,69481,25723,6851,1845,75049,0,639,5,1,1,7,10,21,1,1411,0,910,691,10,24,12,14,0,0,0,0,0,0,0,0,0,0,1,0,Floor_of_mouth
s15616,1308476,644653,41890,113951,929352,1,8122,375,8,21,325,166,322,2,5679,0,4901,3503,570,10,411,103,5,0,9,0,0,0,5,7,5,0,1,0,Floor_of_mouth
s15639,5390810,86682,7640,1096,418918,0,252,9,1,1,5,10,266,1,1273,0,782,387,237,258,22,4,0,0,0,0,0,0,0,0,0,1,1,0,Floor_of_mouth
s15650,30613,29686,8870,1755,79576,0,237,7,3,2,16,13,67,3,1094,2,1072,685,10,26,47,11,0,0,0,0,0,1,1,1,0,0,7,0,Floor_of_mouth
s15687,66444,29313,6727,893,653076,1,300,9,0,1,7,16,88,1,1301,0,1532,881,16,192,11,9,16,0,0,0,0,0,0,0,2,0,4,0,Floor_of_mouth
s15699,4768134,2673160,143428,379950,1956297,0,30309,1579,48,55,1172,499,902,11,16857,3,13285,13761,3391,73,797,295,3,1,57,1,2,0,21,53,13,1,4,0,Floor_of_mouth
s15704,9182674,4340951,358009,806896,3284308,10,87821,924,27,265,536,777,652,14,39388,0,39366,17687,9804,46,942,501,0,0,98,0,1,0,17,40,7,0,7,1,Floor_of_mouth
s15706,48342,24508,8216,1224,72028,0,290,9,1,0,2,21,54,0,1144,0,1220,754,11,111,294,8,0,0,0,0,0,0,0,1,0,0,11,0,Floor_of_mouth
s15707,39900,26242,11392,1724,69596,1,3168,11,4,0,8,32,151,0,2237,1,2509,1554,13,125,56,24,0,0,1,0,1,0,1,0,0,0,3,0,Floor_of_mouth
s15730,38345,20240,7536,1206,48839,0,319,6,0,1,2,21,66,0,1208,2,1411,842,5,1,17,13,0,0,0,0,0,0,0,0,0,0,5,0,Floor_of_mouth
s15735,37960,29679,9791,1981,61690,0,740,11,0,1,9,11,150,1,1503,1,1829,889,4,155,41,18,2,0,1,0,1,0,0,1,0,0,17,0,Floor_of_mouth
s15736,23971,13419,6009,795,32228,0,281,4,1,0,5,19,21,1,1057,1,1208,575,5,42,20,16,1,0,0,0,0,0,0,1,0,0,3,0,Floor_of_mouth
s15752,67410,32704,6698,885,375980,0,429,4,0,0,11,25,55,1,995,0,1155,641,7,15,15,21,0,0,0,0,0,0,0,0,0,0,5,0,Floor_of_mouth
s15765,65678,29542,11726,1818,80725,0,990,14,1,2,8,59,21,0,2444,4,3074,1629,13,65,46,62,0,0,0,1,0,0,0,1,0,0,4,0,Floor_of_mouth
s15767,300368,159544,13918,16681,187721,1,3016,83,1,9,42,411,60,1,6117,0,9558,5057,48,16,177,140,0,0,6,0,0,0,1,10,0,0,0,0,Floor_of_mouth
s15777,32007,23693,10274,1704,59597,0,669,8,0,2,9,22,28,1,1400,0,1619,827,5,19,64,24,0,0,0,1,0,0,0,2,0,0,10,0,Floor_of_mouth
s15796,378918,194548,13853,34710,154557,2,3165,73,2,20,21,168,122,0,4754,0,6777,3435,92,8,125,92,1,0,3,0,0,0,2,0,0,0,0,0,Floor_of_mouth
s15806,43080,30733,8998,1272,57387,0,4546,10,2,2,16,46,328,4,2048,1,2795,2498,18,179,146,33,6,0,0,0,3,0,0,1,0,0,1,1,Floor_of_mouth
s15809,31625,43746,10848,1266,161878,1,623,16,7,3,20,24,76,0,1585,4,1592,966,274,7,92,14,2,2,1,3,0,2,0,3,1,0,6,11,Floor_of_mouth
s15855,26687,29438,10279,2360,62281,0,478,5,1,2,6,23,99,3,1524,0,1357,2700,30,40,24,22,0,0,0,0,0,0,0,0,0,0,3,0,Floor_of_mouth
s15857,80916,44956,10504,823,185339,0,409,6,1,0,5,23,47,0,789,0,934,684,12,0,18,7,0,0,0,0,0,0,0,0,1,0,5,0,Floor_of_mouth
s15858,20598455,14911699,23014,31163,4122186,0,2624,74,2,11,86,162,50,3,4542,0,5321,3452,123,7,100,71,0,0,1,0,0,0,0,0,1,0,0,1,Floor_of_mouth
s15872,27254,19541,7590,1781,44081,0,433,7,0,0,6,18,93,2,1441,0,1393,1964,17,36,168,13,0,0,1,0,0,0,0,0,0,0,3,0,Floor_of_mouth
s15909,34754,18915,8480,1059,60481,0,676,7,1,4,5,25,30,3,1163,0,1392,787,1,16,522,15,0,0,0,0,0,0,0,0,0,0,3,0,Floor_of_mouth
s15940,49327,36106,8156,1146,373375,0,409,3,0,3,5,21,43,1,954,0,1056,666,4,79,45,13,0,0,0,0,0,0,0,0,0,0,2,0,Floor_of_mouth
s15949,601699,361393,18279,40422,240048,1,2440,96,3,12,29,202,183,0,4617,0,6364,3410,200,8,113,83,0,0,2,1,0,0,0,3,0,0,0,0,Floor_of_mouth
s15951,35569,19988,9454,1777,89759,0,1097,12,2,0,7,18,69,5,2067,0,1865,1148,4,39,39,20,0,1,0,0,0,0,0,2,0,0,7,0,Floor_of_mouth
s15980,26142,13822,6688,1103,77271,0,328,5,1,0,4,20,78,1,1148,1,1339,722,25,1,26,10,0,0,0,1,0,0,0,0,0,0,0,0,Floor_of_mouth
s15981,448724,199448,10652,39161,151673,0,2657,51,1,5,18,158,48,0,4033,0,6144,3176,223,4,82,74,0,2,2,0,0,0,0,5,1,0,0,0,Floor_of_mouth
s15983,240732,133697,5591,15484,82500,1,1525,23,0,4,13,63,81,0,2287,0,2966,1588,72,2,86,34,0,0,0,0,0,0,0,4,2,0,0,0,Floor_of_mouth
s15985,4951666,2146781,172805,394999,2074071,2,32979,1741,33,77,1032,424,837,1461,19669,1,15509,13335,4282,78,2364,320,9,2,50,2,0,0,18,79,13,0,2,1,Floor_of_mouth
s15995,23184,17386,5333,904,137006,0,315,2,0,2,3,9,26,0,887,2,865,477,4,1,21,12,0,0,0,0,0,0,0,0,0,0,4,0,Floor_of_mouth
s16001,5049312,2242521,214514,418403,2408207,1,54049,753,12,98,1228,904,1420,9,46992,0,41799,22515,1992,27,1001,720,1,0,43,2,0,0,14,54,5,1,1,0,Floor_of_mouth
s16006,32470,26083,7306,1016,66072,0,1851,13,1,0,5,28,97,1,1563,0,1723,1041,12,41,83,12,0,0,1,0,0,0,0,0,0,0,3,0,Floor_of_mouth
s16008,27032,21153,13515,1592,59260,1,549,8,6,1,8,22,32,1,1666,1,1476,936,4,29,28,22,1,0,0,0,0,0,1,0,0,0,9,0,Floor_of_mouth
s16010,402377,222837,74983,22742,155316,0,2449,47,1,12,23,167,147,4,3582,0,4868,2449,161,4,275345,69,0,0,1,0,0,0,0,1,1,0,0,0,Floor_of_mouth
s16011,25613,26452,9244,1400,122875,0,652,6,1,0,2,21,57,0,1611,0,1904,1151,8,6,290,24,0,0,0,0,0,0,0,0,0,0,5,0,Floor_of_mouth
s16014,38686,44888,13743,2184,117312,0,417,16,0,3,5,15,81,4,1237,3,1146,776,22,4,975,13,0,0,0,0,0,0,0,0,0,0,6,0,Floor_of_mouth
s16025,29473,22923,9375,1399,60420,0,531,7,1,2,3,19,49,2,1393,0,1433,767,7,16,21,10,0,0,0,0,0,0,0,0,0,0,5,0,Floor_of_mouth
s16027,72459,91493,45419,6763,158739,0,1472,15,1,3,89,24,99,5,2739,8,2000,2069,12,36,42,24,0,0,0,1,0,0,0,0,0,0,6,0,Floor_of_mouth
s16028,8844049,227198,8870,1661,987348,0,462,20,0,3,6,35,624,0,1967,0,1618,1314,256,64,107,19,9,0,17,2,0,0,0,0,0,0,0,0,Floor_of_mouth
s16035,312627,152702,6977,24127,95430,0,1725,31,0,15,13,85,54,1,2608,0,3774,1833,86,0,48,56,0,0,2,0,0,0,0,3,0,0,0,0,Floor_of_mouth
s16055,47377,32311,16715,2469,91895,0,1294,16,0,2,18,34,50,0,2001,4,1822,2330,6,81,18,15,0,0,0,0,0,0,0,0,1,0,13,0,Floor_of_mouth
s16063,52350,20809,8162,1330,44878,0,510,9,0,0,11,16,84,1,1548,0,1570,916,15,31,490,30,0,0,0,0,0,0,0,0,0,0,0,0,Floor_of_mouth
s16067,6472304,3068813,1854036,451281,2522412,12,73122,703,23,256,547,755,651,21,32217,6,34522,17681,5074,30,2143683,498,0,0,93,2,1,0,15,33,3,0,3,1,Floor_of_mouth
s16077,378866,233009,8166,21078,136791,0,1747,36,2,7,19,118,125,1,3034,0,3943,2243,108,1,939,46,0,0,0,0,0,0,2,1,0,0,0,0,Floor_of_mouth
s16081,48516,38750,11364,1623,84774,0,712,11,0,0,8,31,99,2,2169,0,2017,1096,6,105,84,29,0,0,0,0,0,0,0,0,0,0,5,0,Floor_of_mouth
s16091,18377,22557,7693,1075,41036,0,329,6,3,2,8,37,59,0,1343,0,1583,768,9,28,40,30,0,0,0,1,0,0,0,0,0,0,7,0,Floor_of_mouth
s16105,25338,23649,8451,1091,45992,0,727,5,1,0,7,15,48,1,1402,0,1595,832,3,50,15,15,0,0,0,0,0,0,0,0,0,0,4,0,Floor_of_mouth
s16111,33597,29767,6839,1041,139897,0,249,6,0,0,2,17,16,4,802,0,874,515,5,6,29,10,1,0,1,0,0,0,0,0,0,0,3,0,Floor_of_mouth
s16124,36199,35959,13430,3561,138280,0,796,27,6,1,7,75,225,0,3269,0,3695,1873,55,229,243,40,1,0,0,0,0,0,0,1,0,0,1,0,Floor_of_mouth
s16129,519860,272893,9913,26553,274125,2,2228,39,2,4,30,181,28,0,4035,0,6244,3029,92,6,129,91,0,0,1,0,0,0,0,5,0,0,0,0,Floor_of_mouth
s16149,45499,28650,12862,1565,74385,0,3023,7,0,0,11,12,224,0,1564,2,1848,1218,13,9,56,26,2,1,0,0,4,0,0,0,0,0,3,2,Floor_of_mouth
s16155,22428,19169,7201,1028,263445,0,297,2,0,8,15,15,49,1,1257,3,1260,642,12,39,29,11,0,0,0,0,0,0,0,1,0,0,4,0,Floor_of_mouth
s16157,24592,16072,14920,1109,51279,1,237,15,2,3,4,8,36,0,837,0,813,467,7,1,7783,9,0,1,0,0,0,0,0,0,0,0,4,0,Floor_of_mouth
s16185,24749,20931,6613,1445,55465,0,276,6,3,1,2,15,108,0,1465,0,1326,2755,33,24,12,6,0,0,0,0,0,0,0,0,0,0,4,0,Floor_of_mouth
s16211,222809,191915,16550,1963,670833,0,691,22,0,3,23,62,875,2,2929,0,2700,1832,358,650,4294,30,11,0,0,0,0,0,0,1,0,0,0,0,Floor_of_mouth
s16234,18790,13501,5162,742,39254,0,303,6,0,1,2,7,38,1,980,0,742,2006,5,69,335,6,0,4,0,0,0,0,0,0,0,0,4,0,Floor_of_mouth
s16244,452069,247519,88075,24577,211725,1,2206,52,1,4,21,190,101,0,3452,1,4987,2611,136,10,302354,71,2,0,3,0,0,0,0,1,3,0,0,0,Floor_of_mouth
s16276,174380,60054,8199,1458,271416,0,538,14,0,0,9,26,204,2,1827,0,1534,914,82,325,36,20,0,0,0,0,0,0,0,1,0,0,5,0,Floor_of_mouth
s16281,117829,147074,7416,869,385909,0,974,30,3,5,18,20,1059,1,4476,0,1169,1142,901,5,27,17,1,0,1,0,0,0,2,1,1,0,8,1,Floor_of_mouth
s16291,30494,29735,8783,1929,76334,0,455,8,0,0,10,13,64,3,1178,1,1082,812,23,50,36,6,0,0,0,0,0,0,0,0,0,0,8,0,Floor_of_mouth
s16297,67608,45635,8709,1330,189648,0,551,19,0,6,5,14,355,0,1902,0,1120,737,135,2,58,7,0,0,0,0,0,0,0,0,0,0,5,0,Floor_of_mouth
s16298,71968,42008,7579,1074,134138,0,267,6,0,3,2,15,121,0,1152,0,959,666,95,1,114,5,0,0,0,0,0,0,0,0,0,0,1,0,Floor_of_mouth
s16299,136588,57459,10410,1800,220194,0,638,8,2,4,5,28,40,2,1450,0,1624,1097,9,30,34,13,0,0,0,0,0,0,0,0,0,0,8,0,Floor_of_mouth
s16318,47148,19810,6012,840,78151,0,358,2,0,2,1,12,11,0,814,0,767,427,1,31,19,7,0,0,0,0,0,0,0,0,0,0,8,1,Floor_of_mouth
s16319,15180,20229,7601,2342,85828,0,271,5,0,0,6,9,86,0,907,0,1101,612,26,16,32,10,0,0,0,0,0,0,0,0,0,0,6,0,Floor_of_mouth
s16343,52240,38950,11518,1900,153109,0,897,12,0,4,5,24,38,0,1946,1,1399,921,7,57,32,12,0,0,1,1,0,0,0,1,0,0,8,0,Floor_of_mouth
s16370,173312,99813,8070,10858,101520,0,2209,47,3,13,25,198,67,3,3430,0,4512,2496,44,2,58,43,1,0,6,0,0,0,0,0,1,0,0,0,Floor_of_mouth
s16378,35248,27125,12482,1408,58294,0,759,8,0,1,7,35,76,1,1370,1,1681,2521,7,45,38,24,0,0,1,0,0,0,0,0,0,0,5,0,Floor_of_mouth
s16382,26334,13628,5389,625,80884,0,215,6,1,0,0,7,28,0,759,1,746,546,5,10,79,9,0,0,0,0,0,0,0,0,0,0,8,0,Floor_of_mouth
s16383,2055535,62843,6466,933,216648,0,286,27,0,2,2,18,298,14,1784,0,1606,8733,187,76,6241,21,1,0,1,0,0,1,24,3,0,0,0,1,Floor_of_mouth
s16386,1855279,945724,111871,164712,3826519,4,32459,597,8,119,880,960,1429,7,35436,0,32091,16407,1069,15,732,535,0,0,40,0,0,0,7,47,2,0,4,0,Floor_of_mouth
s15583,49284,36181,9082,1296,107411,0,462,6,0,1,12,17,169,0,1498,0,1161,756,52,68,42,13,0,0,0,0,0,0,0,0,0,0,6,0,Floor_of_mouth
s15500,59162,61564,14070,1654,314307,0,372,12,2,2,4,13,141,2,1361,0,1023,758,83,43,82,13,0,0,0,0,0,0,0,0,0,0,5,0,Gum
s15577,21496,13451,5960,717,41159,0,363,5,1,1,1,17,14,2,768,1,633,1298,1,51,5,5,1,0,0,0,0,0,0,0,0,0,6,0,Gum
s15596,44685,40490,11007,2019,116854,0,579,10,1,1,1,14,101,2,1550,2,1178,792,24,126,257,9,0,0,1,0,0,0,0,1,0,0,9,0,Gum
s15626,912660,539896,258982,24637,173191,1,2069,54,1,8,25,116,114,3,3619,4,4765,2796,98,0,125,75,1,0,4,0,0,0,0,3,1,1,0,0,Gum
s15627,5580938,2624327,165372,470016,3159067,0,43729,701,10,113,1006,860,1119,8,32837,0,30722,158464,2678,7,733,520,1,0,42,0,0,0,17,25,4,0,1,0,Gum
s15629,4322803,2406755,152551,321235,2011609,0,29797,1497,47,50,1237,335,622,8,16971,1,13795,10136,2939,64,1024,278,8,0,59,2,0,1,20,92,11,0,3,2,Gum
s15672,161189,74789,8403,1772,2939851,0,452,25,1,0,11,21,944,0,2985,0,1493,814,359,3,26,9,0,0,0,0,0,0,0,0,0,0,0,0,Gum
s15708,22724,20580,7845,1237,64714,0,544,3,1,0,7,9,43,0,843,0,946,607,11,2,21,10,0,0,1,0,0,0,0,0,0,0,11,0,Gum
s15733,325359,211207,9235,21821,114227,1,1776,41,4,5,24,114,48,0,3152,0,4619,2255,152,1,72,56,0,0,0,0,0,0,1,1,0,0,0,0,Gum
s15745,27869,36319,14842,2001,84462,0,474,6,2,0,20,30,98,3,1315,1,1593,1218,18,0,49,11,0,0,0,0,0,0,0,0,0,0,9,0,Gum
s15760,60399,52398,8661,1251,159222,0,488,11,0,1,8,23,163,0,1952,0,1490,796,69,292,7,13,0,0,0,0,0,0,0,0,0,0,4,0,Gum
s15889,39146,23450,8978,2705,207736,0,382,8,1,2,4,24,125,1,1455,0,1480,893,37,96,25,16,0,0,0,0,0,0,0,0,0,0,8,0,Gum
s15974,50039,42976,18142,2758,101937,1,790,16,2,1,42,23,80,1,1970,2,1957,936,12,12,34,37,0,0,2,0,0,0,0,0,0,0,2,0,Gum
s16013,50412,25602,8055,1449,101474,0,880,8,2,1,5,23,94,1,1496,0,1382,839,5,3,83,11,0,0,0,0,0,0,0,2,0,0,5,0,Gum
s16131,61843,23025,14337,2599,60389,0,1282,23,3,2,21,31,102,1,1994,0,2002,1250,7,5,35,22,0,0,0,0,0,0,0,0,0,0,6,0,Gum
s16165,26624,20434,10529,1304,45576,1,638,6,10,0,17,20,69,2,1376,0,1739,933,14,283,30,21,3,0,0,0,1,0,0,0,0,0,2,0,Gum
s16266,45678,28170,8203,1386,107523,0,341,7,1,1,7,19,47,5,1957,3,1419,872,4,1,150,14,0,0,0,0,0,1,0,0,0,0,12,0,Gum
s16275,10487994,5421769,324865,855938,22863212,0,75864,1117,18,223,1580,2988,4870,14,78805,0,70268,33846,5693,19,16293,1139,0,1,47,1,1,0,65,61,6,0,6,0,Gum
s16300,257168,134783,10885,1446,455028,0,1016,18,2,9,26,60,449,4,3674,0,3379,2307,207,11,55,28,1,0,0,2,0,0,0,5,0,0,0,0,Gum
s15489,71085,41765,11180,2362,104156,0,568,10,2,3,11,21,79,2,1546,0,1609,1135,21,8,665,15,0,0,0,0,0,0,0,0,0,0,6,0,Larynx
s15493,342612,202902,8220,22103,115188,0,1568,38,0,3,22,110,36,1,2554,0,3708,1911,64,1,54,52,0,0,0,0,0,0,0,1,0,0,0,0,Larynx
s15494,7492594,3252589,253800,574104,3559284,12,78423,855,11,300,1417,1475,1677,6,46060,0,46232,31582,2612,16,4372,763,2,0,56,0,0,1,18,46,3,0,3,1,Larynx
s15495,384897,200974,8865,25896,134409,3,2208,54,1,5,28,145,169,1,3565,0,4698,2538,132,2,337,57,0,1,0,0,0,0,0,1,1,0,0,0,Larynx
s15501,29143,26909,7453,1267,113387,0,380,10,2,1,2,18,66,1,1372,0,1410,1161,33,13,76,16,0,0,0,0,0,0,0,0,0,0,7,0,Larynx
s15530,37489,34209,8109,1342,820274,0,973,12,1,1,5,26,611,1,2207,0,1619,1219,115,12,25,34,5,0,0,1,0,0,0,0,0,0,7,0,Larynx
s15536,428885,277776,11637,31008,148828,0,1956,54,1,13,18,121,34,0,3519,0,5085,2543,129,0,71,70,0,0,1,0,0,0,1,4,0,0,0,0,Larynx
s15538,311456,186160,12743,19228,174175,2,3215,89,13,14,43,238,429,2,8525,0,8810,4666,212,7,149,137,2,0,2,0,0,0,2,6,2,0,0,1,Larynx
s15541,185263,90490,4881,1150,390929,0,281,20,0,2,8,14,780,0,2643,0,989,550,418,225,13,9,0,0,1,0,0,1,0,1,0,0,2,0,Larynx
s15543,151218,85880,12563,1847,415246,1,270,14,0,0,10,17,428,4,1730,0,1516,1850,150,415,157,20,0,0,0,0,0,0,0,0,0,0,1,0,Larynx
s15545,5184167,2746001,227663,410407,2303171,1,36750,1581,29,80,1211,572,746,19,20867,2,15773,14323,2051,40,93621,311,5,4,47,1,1,0,21,86,12,1,8,0,Larynx
s15547,26726,21208,7025,911,76427,0,364,1,1,2,6,19,17,0,1259,0,1366,720,5,121,19,11,0,0,0,0,0,0,0,0,0,0,13,0,Larynx
s15550,2147601,1150852,128376,184714,2070168,4,36024,715,12,216,997,1407,1007,9,37202,0,34703,25820,1190,11,744,480,2,0,35,0,2,0,13,28,2,0,1,0,Larynx
s15551,47822,30263,5259,679,82280,2,244,37,17,4,49,18,57,5,1038,0,1143,715,46,11,34,12,1,1,2,0,0,0,1,3,1,1,3,3,Larynx
s15554,45959,43799,7456,898,170080,0,314,8,4,3,15,17,200,4,1558,0,1513,1197,119,260,888,19,4,6,1,0,0,0,0,1,0,1,5,0,Larynx
s15560,77617,64159,7497,923,178429,0,684,11,0,1,8,20,290,0,1936,1,1075,684,184,47,20,10,0,0,0,0,0,0,0,1,0,0,8,0,Larynx
s15568,23141,16161,6947,789,98383,0,312,1,0,0,3,5,44,2,951,2,857,565,7,42,1733,5,0,0,0,0,0,0,0,0,0,0,7,0,Larynx
s15575,257703,130242,8351,18002,98223,0,1490,30,0,6,24,92,193,0,3325,0,3584,1861,106,2,255,60,0,0,1,0,0,0,0,1,0,0,0,0,Larynx
s15579,32013,19861,12132,1380,59124,0,405,3,0,0,5,24,21,1,1056,0,1069,2083,1,17,27,8,0,0,0,0,0,0,0,0,0,0,2,0,Larynx
s15584,47764,47254,11858,2901,136341,0,876,25,1,2,7,42,500,4,3630,0,2365,1429,190,229,794,28,2,0,1,0,0,0,0,1,0,0,7,0,Larynx
s15592,30725,24219,8986,1441,58617,0,502,11,0,1,4,26,94,4,1250,0,1432,16384,17,90,59,11,1,0,0,0,0,0,0,0,0,0,3,0,Larynx
s15595,81554,52246,5972,1156,184553,0,393,9,1,0,12,13,258,0,1359,0,1384,1425,70,257,333,13,1,4,0,0,0,0,0,0,0,0,6,0,Larynx
s15598,45311,34809,7647,1644,1014251,0,667,18,1,6,7,30,242,1,2050,0,1752,1241,124,0,23,21,0,0,0,0,0,0,0,0,0,0,5,0,Larynx
s15600,88836,58955,10636,1093,263864,0,343,13,1,1,6,21,389,718,2020,2,988,15836,249,61,1410,8,0,0,1,0,0,1,0,26,1,0,6,0,Larynx
s15609,85756,45443,7032,1128,138769,0,311,8,0,1,8,13,194,4,1185,0,956,500,42,199,30,7,0,0,0,0,0,0,0,1,1,0,6,0,Larynx
s15612,538159,173819,17096,34732,156177,2,2781,58,7,8,24,270,65,3,6161,0,9790,4620,101,14,260,149,1,0,5,0,0,0,0,2,1,0,0,1,Larynx
s15615,5799086,3156238,190165,487909,2351152,5,38236,1727,40,72,1404,759,835,6,26001,0,20484,16203,4461,58,1232,492,8,2,49,2,0,1,23,86,13,1,11,1,Larynx
s15618,38618,40648,11016,1391,188004,0,421,14,1,1,6,24,196,4,1958,0,1601,860,251,130,114,22,33,0,5,0,0,0,1,1,1,0,5,0,Larynx
s15624,84511,24199,13892,2798,57516,0,4790,52,9,15,58,53,133,12,1918,0,1967,1112,4,73,50,22,6,1,5,0,1,1,0,2,3,1,3,1,Larynx
s15628,32261,17030,7823,1054,61244,0,308,9,1,0,3,11,31,0,1105,0,1061,621,10,57,17,13,1,0,0,0,0,0,0,0,0,0,6,0,Larynx
s15655,519584,299337,19748,29237,182348,0,2055,41,5,14,30,130,130,1,3654,0,4922,2731,123,6,106,108,0,0,2,1,0,0,0,3,1,0,0,0,Larynx
s15660,4910727,2621067,222883,420535,2337712,8,35640,1505,59,59,1445,456,747,18,19675,2,18183,14833,4873,69,1040,271,3,0,83,1,0,0,23,88,21,0,6,2,Larynx
s15663,452463,278782,13263,35184,156687,2,2411,49,2,7,36,102,48,1,3090,0,4709,2218,283,0,60,47,0,0,1,0,0,0,0,1,0,0,0,1,Larynx
s15668,36196,29518,9659,1664,80781,0,446,5,1,1,8,14,48,3,1725,0,1582,1062,19,1,45,18,0,0,0,0,0,0,0,0,0,0,6,0,Larynx
s15671,29323,36074,10619,2649,61643,0,455,11,1,0,5,37,207,0,2034,1,1788,996,70,107,740,21,0,0,0,0,0,0,0,0,0,0,4,1,Larynx
s15674,33339,15399,8042,1337,53428,0,366,8,0,0,6,17,31,0,1060,0,1014,526,8,100,21,14,0,0,0,1,0,0,0,0,0,0,3,0,Larynx
s15676,4531172,2304692,180323,356551,1756798,2,41605,583,20,113,680,442,322,7,20014,0,21552,11494,4510,30,604,314,0,0,56,0,0,0,11,36,6,0,3,0,Larynx
s15677,17868,22292,9273,1505,30975,0,489,12,2,0,12,8,57,0,780,1,1117,1284,7,30,19,16,0,0,0,0,0,0,0,0,0,0,1,0,Larynx
s15681,35187,34504,11379,1496,82409,0,359,8,1,1,12,16,90,0,1012,0,1189,743,25,4,179,8,0,0,0,0,0,0,0,2,0,0,2,0,Larynx
s15684,25403,21437,6005,855,39256,0,309,7,0,0,6,17,32,1,1250,1,1466,776,10,4,198,15,1,0,0,0,0,0,0,1,0,0,2,0,Larynx
s15685,79913,55984,11670,1266,198230,0,433,8,2,0,5,20,37,0,1274,2,1214,1657,21,1,16,15,0,0,0,0,0,0,0,0,0,0,1,0,Larynx
s15695,1509480,791503,67161,129995,735998,0,9371,419,13,24,308,232,287,3,6291,1,4825,5152,700,15,387,120,3,1,25,1,0,1,9,15,5,0,4,0,Larynx
s15696,35859,26677,6426,954,84588,0,335,14,4,1,4,27,65,3,1187,0,1139,671,24,12,14,10,1,0,0,0,0,0,0,0,0,0,2,0,Larynx
s15698,43820,23467,5560,824,72660,0,469,11,0,2,18,17,66,0,1390,0,1254,686,11,48,29,14,1,0,0,0,0,0,0,0,0,0,3,0,Larynx
s15701,76343,43653,7839,1073,158210,0,583,5,0,2,8,17,219,0,1873,0,1317,760,96,356,25,10,0,0,0,1,0,0,0,0,0,0,3,0,Larynx
s15720,1314706,631793,42387,103699,725262,0,9593,402,4,14,281,145,303,3,5634,0,4715,3308,1008,15,531,129,4,0,11,0,0,0,10,12,2,0,1,1,Larynx
s15732,69520,45985,8088,1162,150240,0,542,10,1,0,19,37,297,0,1834,0,1798,17097,117,24,44,32,0,1,1,0,0,0,0,0,0,0,10,0,Larynx
s15741,44357,25861,11068,1920,75269,0,907,12,12,3,11,19,59,2,1511,1,1610,2823,13,252,23,18,0,0,0,0,0,4,0,0,0,0,3,0,Larynx
s15742,384030,220468,10287,32119,126130,2,2262,40,4,7,25,167,43,0,3726,0,5472,2837,77,5,91,78,0,0,0,0,1,0,0,1,0,0,0,0,Larynx
s15743,436670,235622,15640,34386,169587,2,1805,50,2,7,21,104,42,0,2836,0,4196,2117,99,0,1003,61,0,0,1,0,0,0,1,0,0,0,0,0,Larynx
s15749,21192,25751,10146,1074,57193,0,512,4,2,1,11,16,59,2,1082,1,1370,1967,3,18,26,14,0,0,0,0,0,0,0,1,0,0,6,0,Larynx
s15751,615500,271017,8622,1904,9490548,0,475,42,1,1,99,28,1442,0,1667,0,1773,956,72,13,87,16,28,0,0,0,0,0,0,2,1,0,0,0,Larynx
s15764,25566,23377,12568,975,99670,0,584,11,0,2,2,9,42,0,1038,1,963,596,4,40,122,16,0,0,0,0,0,0,0,0,0,0,5,0,Larynx
s15766,296004,158093,7603,19726,92100,0,1341,24,2,15,14,52,50,1,1926,0,2706,1702,84,0,12334,41,0,0,1,0,0,0,0,2,1,1,0,0,Larynx
s15774,38727,23284,6396,1027,81325,0,535,3,0,1,6,8,99,0,1136,0,882,10585,37,83,20,10,0,0,0,0,0,0,0,0,0,0,5,0,Larynx
s15788,57955,30465,12986,3171,102431,0,451,8,1,1,1,26,102,0,1765,0,2070,1417,36,146,27,25,1,0,0,0,0,0,0,1,0,0,8,0,Larynx
s15798,31321,25145,8182,1192,70489,0,491,11,4,2,10,15,49,3,1477,0,1415,954,9,132,1155,7,0,0,0,1,0,0,0,0,0,0,7,0,Larynx
s15799,407011,204641,23984,30077,182795,0,1870,31,3,12,24,98,41,1,2980,0,4520,2318,143,2,10570,49,0,0,2,0,0,0,1,2,0,0,0,0,Larynx
s15803,24010,15191,7949,1177,52054,1,475,8,2,0,5,16,69,1,1340,0,1532,821,8,21,27,16,0,0,0,0,0,0,0,0,0,0,9,0,Larynx
s15805,26841,19913,8435,1419,48324,0,798,8,4,2,5,15,44,1,1713,0,1656,1023,14,143,23,21,0,0,0,0,0,0,1,0,1,0,6,0,Larynx
s15811,30038,40258,38689,2836,79803,0,497,7,3,1,9,37,139,0,1407,1,1675,3387,17,16,21,18,0,0,1,0,0,0,0,0,0,0,10,0,Larynx
s15814,21270,22666,8355,1162,54418,0,321,4,0,1,2,24,156,1,1112,0,1199,735,4,55,59,11,0,1,0,0,0,0,1,0,0,0,1,0,Larynx
s15817,40713,29284,6587,981,587883,0,574,9,1,3,0,18,137,0,1648,0,1353,897,65,218,17,12,0,0,0,0,0,0,0,1,0,0,0,0,Larynx
s15823,40180,30680,7478,1075,753681,0,555,11,2,3,10,22,246,0,1681,4,1222,973,91,57,18,28,0,0,0,0,0,0,0,1,0,0,6,0,Larynx
s15827,98117,59646,12801,1971,388033,0,730,11,0,1,7,34,103,2,1785,1,1282,833,35,3,17,17,0,0,1,0,0,0,0,0,0,0,3,0,Larynx
s15833,61780,35026,13448,1181,120388,0,403,4,0,1,6,10,145,1,1348,2,1110,772,55,55,2305,12,0,0,0,1,0,0,0,0,0,0,8,0,Larynx
s15834,120257,53077,8178,1099,266547,0,392,7,1,1,4,23,128,2,1668,0,1593,1008,80,87,18,17,0,0,0,0,0,0,0,1,0,0,2,0,Larynx
s15836,19327,17390,9211,1194,37522,0,326,2,0,1,3,17,21,0,875,0,943,1221,11,11,98,8,0,0,1,0,0,0,0,0,0,0,6,0,Larynx
s15838,52292,30648,10901,1913,91312,0,651,9,3,3,8,21,64,4,1631,0,1613,863,16,51,41,20,2,0,0,0,0,0,0,0,0,0,4,0,Larynx
s15839,1276536,59955,9432,2753,125049,0,539,29,1,3,7,21,919,0,3905,0,2107,1309,369,153,152,22,0,0,0,0,0,0,1,1,0,0,5,0,Larynx
s15859,90098,72847,7102,1311,2770009,0,483,11,1,4,13,20,564,3,2804,0,1574,816,333,6,32,28,0,0,0,0,0,0,0,1,0,0,5,0,Larynx
s15877,32210,24269,16583,1657,60570,0,449,2,0,0,5,12,67,0,1349,3,1458,773,7,58,72,13,0,0,0,0,0,0,1,0,0,0,3,0,Larynx
s15883,48220,90849,20865,2572,119674,0,672,9,3,0,33,21,66,5,1685,1,1780,2272,6,49,46,26,0,0,3,0,0,0,0,0,0,1,8,1,Larynx
s15885,5848778,3101963,219484,375760,2587778,2,47721,749,13,111,1155,753,1275,7,40871,0,38241,21406,4713,18,989,717,1,1,41,0,0,0,15,39,3,0,6,0,Larynx
s15888,411953,235326,23177,26177,148425,0,2554,41,4,14,36,143,196,495,3954,0,5513,9837,166,4,13135,90,0,1,0,0,0,0,2,0,1,0,0,0,Larynx
s15890,54819,46476,14393,2197,100672,1,670,5,1,0,18,12,75,1,1535,1,1601,1056,5,4,20,15,0,0,0,1,0,0,0,0,0,0,5,0,Larynx
s15891,7523267,3571443,288493,578819,4965737,8,66453,777,13,219,1364,1120,1596,13,51238,1,48115,26236,3167,29,1152,815,2,1,60,0,1,0,31,53,5,1,9,1,Larynx
s15904,1859073,1070059,111404,148665,4235676,0,34374,685,8,167,928,1845,1955,6,45910,0,40211,20641,1769,16,919,932,0,2,37,0,1,0,10,24,4,1,1,0,Larynx
s15912,36939,27073,11609,1517,66172,0,569,14,4,1,6,35,92,1,1725,2,1998,1175,21,48,36,29,1,0,0,1,0,0,0,1,0,0,11,0,Larynx
s15913,26518,37646,11098,4098,99143,0,422,4,0,0,8,26,116,0,1421,8,1867,1117,42,4,273,19,0,0,0,0,0,0,0,0,0,0,6,0,Larynx
s15920,33311,24140,10439,1176,54896,0,616,12,1,3,5,18,51,2,1415,1,1502,2569,2,27,11,24,0,0,0,0,0,0,0,0,0,0,14,0,Larynx
s15925,28340,15342,6396,923,95557,0,644,2,2,1,2,12,26,1,1147,0,1024,524,5,140,16,13,0,0,1,0,0,0,0,0,0,0,3,0,Larynx
s15926,36937,28169,13442,1532,55599,0,750,10,0,1,14,37,51,3,1769,0,1532,918,5,17,19,11,0,0,0,0,0,0,0,1,0,0,4,0,Larynx
s15927,32267,26399,6675,1027,262881,0,306,5,1,1,11,12,29,2,1161,4,1063,798,6,35,41,12,0,0,0,0,0,0,0,1,0,0,7,0,Larynx
s15928,35853,28258,14626,1628,63931,0,651,10,0,4,9,57,62,3,1956,2,2022,56551,11,6,15227,11,0,0,0,0,0,0,0,1,0,0,6,0,Larynx
s15930,21537,21321,7746,1119,41599,0,502,14,0,0,7,30,60,0,1517,0,1680,986,5,40,28,10,2,0,0,0,0,0,0,0,0,0,1,0,Larynx
s15932,36846,20119,7985,1107,58960,0,464,5,0,0,3,18,66,3,1239,1,1246,763,8,165,35,16,0,0,0,0,0,0,0,1,0,0,10,0,Larynx
s15934,24731,20585,9152,1195,56155,0,457,4,1,0,8,28,18,1,985,2,837,1393,3,33,17,5,0,0,1,0,0,0,0,0,0,0,1,0,Larynx
s15941,19590,12768,6014,943,45819,0,548,4,1,2,7,11,34,0,1110,0,856,563,4,26,14,11,0,0,1,0,0,0,0,0,0,0,7,0,Larynx
s15954,97858,42568,7497,1137,1169636,0,400,17,6,1,3,8,224,0,1402,1,1126,862,52,59,124,9,0,0,0,0,0,0,0,0,0,1,6,0,Larynx
s15962,25493578,17618619,22841,33427,5028043,0,2732,97,3,15,58,147,58,3,4744,0,5878,3935,114,9,122,75,0,1,7,0,0,0,2,5,0,0,1,0,Larynx
s15971,64882,44978,20680,2795,385091,0,878,15,2,4,17,32,49,0,2849,0,2487,1345,6,51,60,38,0,0,1,0,0,0,0,0,0,0,15,0,Larynx
s15972,24363,21737,9808,990,44613,0,170,6,0,1,1,7,72,0,909,0,989,593,5,0,55,10,0,1,0,0,0,0,0,0,0,0,2,0,Larynx
s15975,28397,21844,7226,1429,52396,2,644,8,0,1,5,23,130,1,1794,1,1927,2811,16,486,220,13,7,0,0,1,0,0,0,1,0,0,2,0,Larynx
s15976,455898,245846,13934,27913,223641,1,3154,81,2,9,19,193,338,1,6140,0,6491,5464,362,4,132,72,0,0,3,0,0,0,0,3,1,0,0,0,Larynx
s15977,47844,37520,9879,1402,862555,0,991,15,0,1,2,15,545,0,2568,0,1753,1805,153,7,1501,28,2,0,0,0,0,0,0,2,0,0,6,0,Larynx
s15978,32103,28419,6869,1083,69925,0,334,16,0,1,6,18,78,0,1327,0,1519,859,10,43,33,15,0,0,0,0,0,1,0,1,0,0,4,0,Larynx
s15979,35083,24513,4208,666,802437,0,314,5,0,0,6,13,123,1,1040,0,748,421,69,1,15,10,0,0,0,0,0,0,0,1,0,0,5,0,Larynx
s15986,25239,25974,5077,759,242622,0,410,43,2,5,14,26,29,3,899,3,874,512,21,1,26,3,2,0,0,0,1,3,1,7,5,0,2,5,Larynx
s15988,382569,219060,21477,24765,139746,0,2485,45,1,9,28,128,191,426,3772,0,5192,9239,154,2,11740,59,0,0,0,1,1,0,0,0,0,0,0,0,Larynx
s15991,409734,190877,14450,27049,173714,0,3645,76,4,11,34,248,126,2,6212,0,8897,4309,95,4,117,108,0,0,3,0,0,0,1,1,3,0,0,0,Larynx
s15992,61418,48542,30260,3804,126917,4,1168,191,8,2,52,43,223,15,3102,5,2280,1371,275,159,78,33,8,10,8,4,1,2,6,12,5,1,30,6,Larynx
s15999,1586136,40449,5424,679,125883,0,254,6,0,0,2,14,44,14,875,2,1006,1041,6,27,671,9,0,3,0,0,0,0,0,0,0,0,7,0,Larynx
s16003,19631,11352,5250,648,38646,0,368,4,1,0,2,14,4,0,710,0,639,660,2,47,306,4,0,0,0,0,0,0,0,0,0,0,1,0,Larynx
s16012,24116,23132,8303,1880,51236,0,354,6,0,1,5,13,72,0,1252,0,1372,2465,17,1,15,13,0,0,2,1,0,0,0,0,1,0,6,0,Larynx
s16026,50891,35499,14225,1975,71919,0,778,16,1,2,8,24,64,2,1855,1,2220,3328,4,1,22,22,0,0,0,0,0,0,0,3,0,0,5,0,Larynx
s16029,7101971,4030905,246049,556168,4743376,1,72068,907,13,247,1583,1299,1863,9,53161,0,50481,27283,4872,29,1163,948,1,0,81,1,0,0,23,50,3,0,1,2,Larynx
s16032,32892,36039,13425,1416,73933,0,835,12,0,2,8,95,89,1,1886,1,2513,5643,11,68,188,13,0,0,0,1,0,0,0,1,0,0,5,0,Larynx
s16043,43388,20841,11049,1998,55216,0,459,5,0,0,7,29,115,0,1458,0,1736,3112,32,76,16,20,0,0,1,2,0,0,0,1,0,0,8,0,Larynx
s16044,440814,119685,12101,1419,549859,0,581,7,0,3,11,33,36,0,1411,0,930,856,12,2,30,8,0,0,0,0,0,0,3,1,1,0,6,0,Larynx
s16049,893241,35073,8264,1380,127239,0,765,10,0,1,3,20,97,0,1608,0,1648,907,20,3,24,16,0,0,0,0,0,0,0,0,1,0,3,0,Larynx
s16060,440187,268543,9949,26352,168370,0,2310,57,1,7,21,144,60,1,4282,0,5765,3050,103,4,91,83,0,0,4,0,0,0,0,1,0,0,0,1,Larynx
s16068,426991,207096,17252,27479,211925,1,3778,84,5,17,32,315,82,3,6586,0,9675,5556,123,11,148,131,1,0,8,0,0,1,1,2,2,0,0,0,Larynx
s16075,30548,23288,8167,1074,55269,0,331,4,0,0,7,22,33,0,1406,0,1192,1762,10,19,15,11,0,0,0,0,0,0,0,1,0,0,10,0,Larynx
s16084,97055,65656,8941,1314,2193414,0,836,13,0,0,6,19,386,2,2660,1,1564,898,260,115,15,19,0,0,0,0,0,0,0,1,0,0,6,0,Larynx
s16089,41913,23869,8166,1256,252304,0,423,22,0,2,12,32,27,2,1501,1,1270,708,9,57,31,20,0,0,0,0,0,0,1,0,2,0,3,0,Larynx
s16093,29826,29452,10702,2743,384693,0,493,5,3,0,7,29,122,2,1263,0,1497,985,31,59,47,21,0,0,0,0,0,0,0,0,0,0,9,0,Larynx
s16098,348516,155381,8447,22971,122302,0,2110,56,1,6,10,127,135,0,3334,0,4398,2321,105,2,211,54,0,0,0,0,0,0,1,2,0,0,0,0,Larynx
s16100,53966,37219,7749,1060,98321,0,436,6,0,0,8,15,28,2,804,1,1111,904,8,15,36,13,0,0,0,0,0,0,0,1,0,0,7,0,Larynx
s16106,338033,211871,11356,25790,136286,1,1809,44,1,4,21,155,55,1,3356,0,4603,2375,174,1,85,70,0,0,0,0,0,0,2,3,0,0,0,0,Larynx
s16107,11677,16026,5243,674,34105,0,276,2,1,0,6,9,30,1,615,0,619,1284,3,93,16,5,0,0,0,0,0,0,0,0,0,0,2,0,Larynx
s16108,68786,28953,4151,657,107562,0,197,4,0,1,2,8,125,0,975,0,522,381,58,1,12,8,0,0,0,0,0,0,0,0,0,0,2,0,Larynx
s16112,41832,34652,29156,1117,121039,0,349,8,3,1,4,48,83,1,1342,4,1456,790,35,22,34,10,0,0,0,1,0,0,0,1,0,0,4,0,Larynx
s16113,69972,109955,34658,4388,215488,0,782,19,4,5,47,30,165,6,2736,6,2625,1571,21,15,84,22,0,0,1,0,0,0,0,1,0,0,13,0,Larynx
s16122,41727,25420,16084,2434,60344,0,437,9,1,3,11,22,59,1,1244,0,1172,2154,16,129,33,13,0,0,1,0,0,0,1,0,0,0,4,0,Larynx
s16123,58994,35950,18304,5322,77892,0,641,17,1,1,13,28,130,3,2649,1,2585,1832,54,163,39,35,0,0,0,0,0,0,0,0,0,0,8,0,Larynx
s16135,40194,33015,9928,1719,79861,2,540,12,4,0,7,24,101,0,1843,0,1993,1338,26,98,32,19,2,0,0,0,0,0,0,0,1,0,4,0,Larynx
s16143,61851,21433,6903,915,55871,0,370,1,0,1,5,15,22,5,870,0,1028,566,10,88,262,6,0,0,0,0,0,0,0,1,0,0,3,0,Larynx
s16151,90805,52496,8858,1326,150396,0,401,14,0,2,4,21,345,1,1717,0,1396,923,113,2,27,21,0,0,0,0,0,0,0,1,0,0,6,0,Larynx
s16156,43675,23212,6914,1105,305191,0,415,7,0,1,6,24,19,8,1219,0,856,544,2,179,45,4,0,0,0,0,0,0,0,2,0,0,4,0,Larynx
s16158,8059824,4665203,288371,609640,39235323,2,71086,1180,17,185,1630,4450,10695,13,96570,0,72073,34826,6388,31,1863,1116,1,1,65,1,1,0,37,65,11,0,1,1,Larynx
s16160,10808150,7421339,435384,598563,15295568,4,71276,1103,10,239,1546,10680,5316,15,81963,1,70944,122648,8849,21,3346,1014,2,0,52,1,3,0,29,76,7,1,4,4,Larynx
s16171,104093,68169,10196,1307,289492,0,327,7,0,1,7,13,233,0,1150,2,830,481,208,1,24,13,0,0,0,0,0,0,0,1,0,0,3,0,Larynx
s16176,177279,76159,9927,1522,474751,8,646,23,0,3,25,71,244,1,2354,1,2352,1440,252,374,62,22,2,2,1,0,0,0,0,2,0,0,2,0,Larynx
s16177,29771,32189,5826,852,880548,1,328,12,1,1,4,9,305,1,1590,0,1167,659,166,0,34,7,0,0,0,0,0,0,0,0,0,0,1,0,Larynx
s16182,389769,238170,12762,35907,137749,0,2170,61,1,9,14,126,64,0,3729,0,5010,2520,227,6,74,81,0,0,1,0,0,0,0,3,0,0,0,0,Larynx
s16183,68150,32505,5643,849,115530,0,294,4,1,0,4,14,75,1,1256,0,1336,761,19,99,430,7,0,0,0,0,0,0,0,0,0,0,6,0,Larynx
s16184,6401329,3006939,277807,472516,2608410,1,61521,1067,29,57,2083,1185,1056,11,56207,1,56967,31986,2404,52,1375,1079,3,1,69,2,0,0,23,71,12,0,0,1,Larynx
s16192,28414,24034,8807,876,59484,0,335,8,0,2,3,14,54,4,958,0,1041,1511,8,45,1449,7,1,0,0,0,0,0,0,2,0,0,8,0,Larynx
s16196,403646,208172,9822,27208,141145,0,2332,51,3,10,23,122,189,0,3957,0,5125,2619,167,5,333,63,0,0,1,0,0,0,0,1,2,0,0,0,Larynx
s16215,69148,42776,9457,1404,147181,0,775,11,0,0,18,26,93,0,1595,0,1319,830,43,58,26,17,0,0,1,0,0,0,0,0,0,0,1,0,Larynx
s16217,28392,20381,11197,1415,110626,0,312,4,0,0,7,14,29,0,1186,0,1282,705,3,15,123,18,3,0,0,0,0,0,0,0,0,0,3,0,Larynx
s16218,443347,227257,9630,33970,158281,1,2425,52,2,11,20,122,137,0,3682,0,5307,2722,190,1,71,67,0,0,0,0,1,0,3,2,1,0,0,0,Larynx
s16219,8455007,3281543,650438,588097,4929565,8,66625,1293,14,185,1319,1279,2858,27,66970,21,88302,1893637,3657,30,1111295,1384,12,5,88,2,0,16,40,63,2,25,12,2,Larynx
s16221,22960,27447,7048,797,71447,0,272,10,3,3,10,45,45,1,951,2,1300,698,29,4,18,13,0,0,0,1,2,0,0,0,0,0,8,1,Larynx
s16222,375624,208170,7665,20997,151130,0,1859,50,3,10,24,128,98,1,2801,0,3879,2117,100,2,65,61,0,0,0,0,0,0,0,1,0,0,0,0,Larynx
s16223,1366759,41718,9750,1381,169106,0,574,9,7,3,3,18,223,0,1733,1,1317,1090,79,82,77,10,0,0,0,1,0,1,0,0,0,0,1,0,Larynx
s16233,13584814,8841284,591339,1065691,18318064,1,81587,1425,11,377,1424,13558,13141,32,130519,2,95077,288814,14281,19,128140,1291,0,10,84,0,1,14,85,88,9,2,1,2,Larynx
s16237,552770,241048,14769,38947,208922,3,3036,78,3,0,35,285,283,0,9249,0,11845,6205,180,8,240,189,0,1,3,0,0,0,0,10,1,0,0,0,Larynx
s16238,76423,51103,10437,1515,163340,0,761,14,0,2,5,18,158,3,2230,0,1330,713,102,161,32,15,0,0,1,0,0,0,0,1,0,0,9,0,Larynx
s16240,38476,23253,8453,1089,253565,0,369,8,0,0,4,8,31,0,1088,0,1284,852,1,71,19,11,0,0,0,0,0,0,0,0,0,0,2,0,Larynx
s16242,8287183,4150568,471911,655213,3751197,16,75058,1132,17,226,1608,1594,1686,31,55787,0,54034,188539,3139,35,272164,990,1,16,96,1,1,2,27,60,6,3,4,0,Larynx
s16249,37017,40166,9821,1331,106519,0,350,7,2,0,7,17,99,0,876,0,935,1672,53,48,21,8,0,0,0,0,0,0,0,0,0,0,4,0,Larynx
s16250,50959,30595,5950,904,108363,0,1188,19,0,0,5,22,244,1,1916,2,1340,1071,105,60,24,13,0,0,0,0,0,0,0,0,0,0,2,0,Larynx
s16254,5796573,3139843,201548,516261,2384652,1,46578,623,11,135,760,554,1099,6,33101,0,29150,15245,6339,18,660,568,2,0,27,1,1,0,32,38,1,0,1,0,Larynx
s16260,27974,23403,8520,1131,47408,0,395,8,1,0,6,17,57,1,1210,0,1252,2007,10,17,62,16,0,0,0,0,0,0,0,0,0,0,9,0,Larynx
s16263,31309,30545,8573,1636,125776,0,424,9,0,0,2,26,115,1,1975,0,1763,1568,30,14,118,17,0,1,1,0,0,0,0,0,0,8,9,0,Larynx
s16271,66151,43811,11705,2589,163514,0,530,17,1,2,23,12,361,1,2285,0,1241,784,118,174,28,9,0,0,1,0,0,0,0,1,0,0,14,0,Larynx
s16277,86542,49506,12949,3240,143713,0,1008,10,1,1,7,42,28,2,2174,0,2442,1654,14,255,36,18,1,0,0,0,0,0,0,0,0,0,7,0,Larynx
s16282,49545,56060,9973,1530,136128,0,493,11,1,1,18,20,128,4,1784,1,1770,1683,18,7,116,21,0,12,0,0,0,1,1,0,0,0,10,0,Larynx
s16283,49174,38215,7025,1263,190517,0,261,7,2,0,5,15,79,5,1089,0,1201,940,45,50,60,9,0,0,0,2,0,0,0,0,0,0,7,0,Larynx
s16284,426632,253421,9141,27643,151303,0,2171,45,4,10,32,131,61,2,3593,0,5254,2780,101,2,67,73,0,0,1,0,0,0,0,2,1,0,0,0,Larynx
s16288,21505,16775,10133,1193,43858,0,341,2,0,0,2,6,31,1,775,0,793,2807,5,68,2971,2,0,1,0,0,0,0,0,0,0,0,5,0,Larynx
s16293,43341,22392,5803,895,566965,0,298,9,0,0,3,12,111,3,800,0,618,1018,32,82,31,6,0,0,0,0,0,0,0,0,0,0,2,0,Larynx
s16296,41263,25227,6503,996,104406,0,442,5,0,0,6,17,53,4,1216,4,1458,1256,5,33,336,13,0,2,0,1,0,0,0,0,0,0,6,0,Larynx
s16308,90728,42229,12593,1898,210537,0,660,14,0,3,8,24,129,9,1457,0,1307,1069,48,110,56,14,0,2,1,0,0,0,0,1,0,0,4,2,Larynx
s16309,5538831,2542401,170194,457112,4342061,1,43676,630,9,126,911,855,1449,12,37603,0,33338,17602,4191,18,863,688,0,0,12,0,0,0,23,68,8,1,12,0,Larynx
s16317,3547501,1807469,117640,312199,1339053,2,37318,372,12,218,200,281,347,7,13081,0,12656,6093,1780,11,273,137,1,0,33,2,0,0,10,10,1,0,0,0,Larynx
s16324,25192,26344,11006,1340,58683,0,451,9,1,2,12,28,78,1,1209,0,1630,895,10,110,421,10,0,0,0,0,0,0,0,1,0,1,4,0,Larynx
s16334,37727,82627,41508,4443,125325,0,604,8,2,3,25,22,58,4,1177,3,1579,1033,3,80,69,10,0,0,0,0,0,0,0,0,0,0,5,0,Larynx
s16345,36787,23432,5472,751,500299,0,432,10,5,0,7,21,119,1,1242,2,1200,768,36,137,735,11,1,0,0,0,0,0,0,0,1,0,0,0,Larynx
s16351,56335,40904,13064,2501,581783,0,840,10,1,2,5,28,77,2,2014,1,2017,1392,23,6,20,24,0,0,0,0,0,0,2,1,0,0,5,0,Larynx
s16353,40492,29513,13139,1997,79244,0,952,9,0,4,14,15,59,2,1521,3,1403,705,9,30,22,14,0,0,0,0,0,0,0,0,0,0,4,0,Larynx
s16357,324364,198873,9412,20171,121317,0,1621,26,4,7,16,98,49,0,2755,0,3909,2220,76,1,487,39,0,0,0,0,0,0,0,1,0,0,0,0,Larynx