Sample_Number,Phycodnaviridae,Siphoviridae,Herpesviridae,Poxviridae,Papillomaviridae,Bornaviridae,Bicaudaviridae,Picornaviridae,Baculoviridae,Myoviridae,Virgaviridae,Alloherpesviridae,Inoviridae,Marseilleviridae,Coronaviridae,Anelloviridae,Ascoviridae,Tymoviridae,k__Viruses,k__Viruses.1,k__Viruses.2,k__Viruses.3,k__Viruses.4,k__Viruses.6,k__Viruses.8,k__Viruses.10,Hepeviridae,Caulimoviridae,Polydnaviridae,Togaviridae,Betaflexiviridae,Podoviridae,Alphaflexiviridae,Lipothrixviridae,Retroviridae,Potyviridae,Secoviridae,Luteoviridae,Hypoviridae,Dicistroviridae,Arenaviridae,Partitiviridae,Reoviridae,Paramyxoviridae,Bromoviridae,Bunyaviridae,Closteroviridae,Fuselloviridae,Mimiviridae,Flaviviridae,Geminiviridae,Nyamiviridae,Microviridae,Iridoviridae,Caliciviridae,Chrysoviridae,Astroviridae,Rudiviridae,Polyomaviridae,Adenoviridae,Orthomyxoviridae,Hytrosaviridae,Malacoherpesviridae,Circoviridae,Iflaviridae,Roniviridae,Nimaviridae,Endornaviridae,Parvoviridae,Ampullaviridae,Tectiviridae,Rhabdoviridae,Benyviridae,Asfarviridae,Hepadnaviridae,Totiviridae,Primary_Site
s15486,158,0,282,46,96,0,0,16,144,20,10,240,0,0,4,6,8,12,0,0,2,0,0,0,4,0,0,0,1306,6,38,72,6,0,0,0,12,0,2,0,0,106,0,2,4,110,14,0,4,38,0,8,0,36,0,16,16,0,14,34,2,54,0,164,4,0,6,0,0,0,0,0,0,0,0,0,Base_of_tongue
s15489,146,4,252,44,4,0,0,70,88,36,74,208,0,0,6,2,6,10,0,0,0,0,0,0,2,0,4,0,790,26,168,18,6,0,4,8,6,0,6,2,0,108,0,0,22,36,8,0,0,90,0,0,0,2,2,2,22,0,24,4,0,6,0,34,0,0,6,0,0,0,0,0,0,0,0,0,Larynx
s15492,1442,4,2972,366,34,0,0,484,754,260,380,2650,0,0,90,26,56,130,0,0,16,6,0,40,14,0,14,0,7332,252,802,300,66,2,20,76,86,0,46,6,6,1036,2,2,174,488,18,0,22,564,0,8,132,128,0,74,198,0,240,98,8,228,10,492,38,2,16,0,0,0,0,0,0,0,0,0,Floor_of_mouth
s15493,24,0,112,20,4,0,0,16,26,20,14,100,0,0,8,2,8,2,0,0,2,0,0,0,0,0,0,0,220,14,104,6,2,0,0,2,8,0,0,0,0,58,0,0,2,16,0,0,0,36,0,0,0,0,0,4,10,0,8,0,0,0,0,26,2,0,0,0,0,0,0,0,0,0,0,0,Larynx
s15494,110,0,382,28,4,0,0,74,82,34,96,274,0,0,10,6,6,8,0,0,0,4,0,2,0,0,2,0,624,62,262,18,8,0,0,8,10,0,4,2,0,162,0,0,26,42,8,0,4,94,0,0,0,4,0,4,14,0,58,10,0,2,0,84,2,2,0,0,0,0,0,0,0,0,0,0,Larynx
s15495,50,0,184,36,4,0,0,40,72,24,62,106,0,0,4,2,2,8,0,0,2,2,0,8,0,0,0,0,408,42,148,8,6,0,0,6,18,0,2,0,0,98,0,0,12,18,2,0,0,52,0,0,0,10,0,12,16,0,26,4,2,4,0,36,2,0,0,0,0,0,0,0,0,0,0,0,Larynx
s15500,1030,8,2340,472,12,0,2,336,638,194,302,2208,0,0,64,22,34,42,0,0,10,12,2,44,4,0,8,0,5298,180,824,168,28,0,8,54,132,0,32,4,4,646,0,0,110,336,8,0,14,412,0,16,34,96,0,130,146,2,140,156,10,142,4,1080,50,0,10,0,0,0,0,0,0,0,0,0,Gum
s15501,44,0,164,38,8,0,0,58,28,26,38,112,0,0,8,2,8,16,0,0,0,2,0,4,0,0,0,0,460,24,188,10,2,0,0,8,12,0,8,0,0,118,0,0,16,32,6,0,2,46,0,0,0,8,0,4,24,0,26,4,0,6,0,22,0,0,0,0,0,0,0,0,0,0,0,0,Larynx
s15504,1308,10,2002,336,94,0,0,374,548,216,362,1672,0,0,68,52,38,90,0,0,2,6,0,12,8,0,10,2,5554,200,850,154,54,2,12,60,156,0,38,6,2,1018,0,0,130,288,14,0,4,480,0,6,78,104,2,62,184,0,146,182,6,76,2,1110,48,0,14,0,0,0,0,0,0,0,0,0,Floor_of_mouth
s15513,90,2,264,20,2,0,0,58,56,36,64,168,0,0,10,0,2,4,0,0,0,2,0,18,2,0,2,0,464,42,186,16,10,0,0,4,8,0,2,0,0,104,0,0,22,30,0,0,2,58,0,4,0,10,0,2,22,0,24,2,2,8,0,20,4,0,4,0,0,0,0,0,0,0,0,0,Base_of_tongue
s15524,782,2,1828,230,4,0,0,224,406,122,160,1334,0,0,30,26,32,48,0,0,2,6,2,30,2,0,4,0,3814,116,552,142,26,0,2,36,76,0,12,10,6,646,2,0,60,202,16,0,6,272,0,10,32,50,0,84,100,2,152,118,6,58,6,928,22,6,14,0,0,0,0,0,0,0,0,0,Floor_of_mouth
s15530,156,4,458,64,8,0,0,150,106,70,124,336,0,0,26,4,0,26,0,0,0,14,0,4,0,0,6,0,1056,84,314,34,14,0,0,48,36,0,26,2,0,250,0,6,68,86,0,0,0,116,0,0,0,6,2,12,48,0,74,24,4,14,0,54,10,0,2,0,0,0,0,0,0,0,0,0,Larynx
s15536,26,0,28,12,2,0,0,2,8,2,8,32,0,0,12,0,2,0,0,0,0,0,0,0,0,0,0,0,236,12,32,0,0,0,16,4,2,0,6,0,0,56,0,0,6,2,0,0,2,28,0,0,2,0,0,2,6,0,12,0,0,0,0,2,0,0,90,0,0,0,0,0,0,0,0,0,Larynx
s15538,20,4,66,8,2,0,0,12,12,6,10,16,0,0,4,0,2,0,0,0,0,0,0,2,0,0,0,0,212,8,26,4,408,0,14,2,2,0,0,0,0,64,0,0,70,0,0,0,0,22,0,0,6,6,0,0,14,0,12,0,0,0,0,0,2,0,176,0,0,0,0,0,0,0,0,0,Larynx
s15541,32,2,124,12,22,0,0,22,18,16,8,16,0,0,2,2,8,4,0,0,0,0,0,2,0,0,0,0,496,10,38,2,16,0,38,4,2,0,0,0,0,46,0,0,10,4,0,0,0,26,0,0,24,2,0,0,34,0,14,2,0,2,0,0,0,0,152,0,0,0,0,0,0,0,0,0,Larynx
s15543,34,2,44,4,0,0,0,12,2,10,4,20,0,0,0,0,4,4,0,0,0,0,0,0,0,0,2,0,150,2,24,2,2,0,6,4,0,0,2,0,0,54,0,0,8,2,0,0,0,22,0,0,30,2,0,0,8,0,16,0,0,2,0,0,0,0,88,0,0,0,0,0,0,0,0,0,Larynx
s15545,56,0,64,2,14,0,0,4,12,16,4,12,0,0,2,0,2,2,0,0,0,4,0,0,0,0,0,0,134,4,16,4,2,0,24,2,0,0,0,0,0,40,0,0,6,0,0,0,4,28,0,0,4,0,0,0,18,0,10,0,0,0,0,0,0,0,236,0,0,0,0,0,0,0,0,0,Larynx
s15547,22,0,42,2,2,0,0,6,4,10,8,6,0,0,8,0,0,2,0,0,0,0,0,0,0,0,0,0,160,6,10,2,0,0,10,2,2,0,0,2,0,48,0,0,12,2,0,0,0,14,0,0,8,0,0,0,12,0,8,0,0,0,0,0,2,0,46,0,0,0,0,0,0,0,0,0,Larynx
s15548,28,2,48,10,634,0,0,12,12,0,8,20,0,0,4,0,4,0,0,0,0,0,0,0,0,0,0,0,198,6,28,2,6,0,12,0,0,0,0,0,0,66,0,0,12,8,0,0,0,30,0,0,12,2,0,0,20,0,14,0,0,0,0,0,2,0,66,0,0,0,0,0,0,0,0,0,Base_of_tongue
s15549,46,0,60,4,18,0,0,10,16,10,12,26,0,0,4,0,0,0,0,0,0,0,0,0,0,0,0,0,276,4,12,2,8,0,10,2,0,0,2,0,0,46,0,0,10,10,0,0,0,28,0,0,14,4,0,0,10,0,12,2,0,0,0,0,2,0,40,0,0,0,0,0,0,0,0,0,Floor_of_mouth
s15550,44,0,82,6,16,0,0,18,38,6,6,40,0,0,2,2,6,0,0,0,0,0,0,0,0,0,2,0,310,4,36,4,6,0,26,4,0,0,0,2,0,40,0,0,4,26,0,0,0,28,0,0,46,0,0,0,6,0,24,2,0,2,0,0,0,0,28,0,0,0,0,0,0,0,0,0,Larynx
s15551,8,0,16,6,8,0,0,10,12,10,2,22,0,0,2,0,2,0,0,0,0,0,0,0,0,0,0,0,200,16,24,0,2,0,6,4,0,0,2,0,0,24,0,0,2,0,0,0,0,14,0,0,6,0,0,0,12,0,6,0,0,0,0,2,0,0,48,0,0,0,0,0,0,0,0,0,Larynx
s15554,28,0,60,6,3712,0,0,30,14,10,10,14,0,0,22,0,4,4,0,0,0,2,0,0,0,0,0,0,242,10,42,8,8,0,6,0,0,0,2,4,0,52,0,0,16,6,0,0,0,34,0,0,6,2,0,0,24,0,18,6,0,0,0,0,0,0,110,0,0,0,0,0,0,0,0,0,Larynx
s15560,42,0,66,18,4,0,0,14,10,10,6,24,0,0,4,0,0,2,0,0,0,0,0,0,0,0,0,0,262,2,26,8,0,0,14,0,0,0,0,0,0,50,0,0,6,2,0,0,0,26,0,0,6,0,0,0,14,0,10,2,0,0,0,2,4,0,62,0,0,0,0,0,0,0,0,0,Larynx
s15562,10,0,52,4,20,0,0,22,16,16,2,34,0,0,2,0,6,0,0,0,0,0,0,0,0,0,0,0,144,6,18,2,2,0,10,2,0,0,2,0,0,40,0,0,6,0,0,0,0,20,0,0,4,0,0,0,6,0,18,4,0,0,0,2,2,0,30,0,0,0,0,0,0,0,0,0,Floor_of_mouth
s15568,24,2,58,4,20,0,0,2,8,18,6,18,0,0,4,0,2,2,0,0,0,0,0,0,0,0,0,0,176,4,38,2,2,0,14,2,0,0,0,0,0,54,0,0,4,12,0,0,0,20,0,0,8,0,0,0,16,0,22,0,0,0,0,0,4,0,50,0,0,0,0,0,0,0,0,0,Larynx
s15569,38,4,46,6,22,0,0,2,10,12,2,24,0,0,2,0,0,2,0,0,0,2,0,0,0,0,0,0,168,2,12,2,2,0,18,2,2,0,0,0,0,30,0,0,2,6,0,0,0,18,0,0,60,0,0,0,18,0,20,4,0,0,0,0,4,0,118,0,0,0,0,0,0,0,0,0,Base_of_tongue
s15575,110,0,36,16,60,0,0,24,12,104,16,12,0,0,2,0,0,0,0,0,2,0,0,0,0,0,0,0,336,22,66,14,10,0,2,2,0,0,0,0,2,34,0,0,8,12,0,0,0,24,0,0,72,0,0,0,18,0,16,0,0,0,0,0,6,0,104,0,0,0,0,0,0,0,0,0,Larynx
s15577,22,2,44,8,34,0,0,16,0,8,8,2,0,0,2,0,2,2,0,0,0,0,0,0,0,0,0,0,128,10,38,2,10,0,4,6,2,0,0,2,0,60,0,0,4,4,0,0,0,12,0,0,6,0,0,0,16,0,26,2,0,2,0,0,2,0,48,0,0,0,0,0,0,0,0,0,Gum
s15579,14,0,122,0,2,0,0,10,10,12,10,14,0,0,0,0,4,2,0,0,0,0,0,0,0,0,0,0,204,6,56,2,2,0,6,4,2,0,0,0,0,68,0,0,6,16,0,0,0,18,0,0,12,0,0,0,16,0,20,0,0,0,0,6,6,0,64,0,0,0,0,0,0,0,0,0,Larynx
s15583,10,0,66,14,26,0,0,40,16,16,6,26,0,0,4,0,0,4,0,0,0,0,0,0,0,0,0,0,178,8,86,8,4,0,10,2,2,0,0,0,0,52,0,0,0,10,0,0,0,46,0,0,14,2,2,0,26,0,12,0,0,2,0,0,2,0,72,0,0,0,0,0,0,0,0,0,Floor_of_mouth
s15584,50,0,48,6,8,0,0,20,10,14,0,8,0,0,2,0,0,0,0,0,0,0,0,0,0,0,0,0,368,16,18,8,6,0,18,2,0,0,2,0,0,58,0,0,4,6,0,0,0,10,0,0,12,0,0,0,16,0,18,0,0,0,0,2,0,0,112,0,0,0,0,0,0,0,0,0,Larynx
s15585,36,0,22,2,2,0,0,8,6,6,6,6,0,0,8,0,0,0,0,0,0,0,0,0,0,0,0,0,168,4,18,8,2,0,8,4,0,0,0,0,0,30,0,0,6,22,0,0,0,12,0,0,16,0,0,0,12,0,8,0,0,0,0,0,2,0,30,0,0,0,0,0,0,0,0,0,Base_of_tongue
s15588,6,0,24,10,6,0,0,8,18,2,6,2,0,0,0,0,2,0,0,0,0,2,0,0,0,0,0,0,84,4,26,4,4,0,8,0,2,0,0,2,0,32,0,0,6,10,0,0,2,14,0,0,4,4,0,0,18,0,12,0,2,0,0,0,0,0,52,0,0,0,0,0,0,0,0,0,Floor_of_mouth
s15592,34,0,98,12,0,0,0,16,12,18,14,36,0,0,10,0,4,0,0,0,0,2,0,2,0,0,0,0,254,6,42,8,6,0,14,4,2,0,2,0,0,104,0,0,2,14,2,0,0,30,0,0,10,0,2,0,28,0,16,2,2,0,0,2,2,0,278,0,0,0,0,0,0,0,0,0,Larynx
s15593,10,0,122,6,0,0,0,18,8,14,26,14,0,0,2,2,0,2,0,0,0,0,0,0,0,0,0,0,114,6,36,2,4,0,18,2,4,0,0,0,0,58,0,0,4,2,0,0,0,30,0,0,14,8,0,0,18,0,20,0,2,0,0,0,2,0,12,0,0,0,0,0,0,0,0,0,Base_of_tongue
s15595,24,0,54,6,8,0,0,14,6,18,4,14,0,0,4,0,0,0,0,0,0,0,0,2,0,0,0,0,174,24,30,0,2,0,12,2,4,0,0,0,0,60,0,0,12,16,0,0,0,20,0,0,10,2,0,0,16,0,20,0,0,0,0,2,0,0,134,0,0,0,0,0,0,0,0,0,Larynx
s15596,10,0,32,2,8,0,0,6,14,0,2,10,0,0,0,0,0,2,0,0,0,0,0,2,0,0,4,0,108,0,10,2,2,0,10,0,0,0,2,0,0,18,0,0,4,2,0,0,0,8,0,0,4,0,0,0,2,0,8,0,0,0,0,0,0,0,34,0,0,0,0,0,0,0,0,0,Gum
s15597,12,0,26,4,4,0,0,4,2,10,20,8,0,0,0,0,2,2,0,0,0,0,0,0,0,0,0,0,132,4,24,0,0,0,2,0,0,0,0,0,0,24,0,0,4,2,0,0,0,12,0,0,8,2,0,0,4,0,2,2,0,0,0,0,0,0,24,0,0,0,0,0,0,0,0,0,Floor_of_mouth
s15598,34,2,74,4,4,0,0,10,18,14,8,10,0,0,6,0,4,0,0,0,0,0,0,2,0,0,0,0,192,12,18,2,4,0,14,0,2,0,2,0,0,40,0,0,8,4,0,0,2,18,0,0,10,4,0,0,14,0,16,0,0,2,0,0,0,0,146,0,0,0,0,0,0,0,0,0,Larynx
s15600,24,0,76,2,16,0,0,4,12,4,4,18,0,0,4,0,0,0,0,0,0,0,0,0,0,0,0,0,178,6,20,4,0,0,10,2,0,0,2,0,0,30,0,0,4,2,0,0,0,30,0,0,4,0,0,0,8,0,20,0,0,2,0,0,0,0,44,0,0,0,0,0,0,0,0,0,Larynx
s15603,720,10,1074,286,3236,0,0,58,644,50,50,990,0,0,24,16,34,42,0,0,10,2,0,18,6,0,2,0,5412,32,28,280,24,0,4,18,28,0,12,0,6,322,4,0,44,700,64,0,10,120,2,34,0,124,2,86,44,0,50,74,2,360,0,530,16,0,10,0,0,0,0,0,0,0,0,0,Base_of_tongue
s15609,28,0,172,38,0,0,0,58,56,38,44,128,0,0,8,2,2,12,0,0,0,2,0,14,0,0,0,0,336,32,158,6,4,2,0,8,8,0,0,0,0,108,0,0,14,22,4,0,0,52,0,0,0,4,0,6,24,0,20,2,0,2,0,48,2,0,6,0,0,0,0,0,0,0,0,0,Larynx
s15612,62,0,214,28,4,0,0,56,58,22,54,166,0,0,12,2,4,4,0,0,2,4,0,2,0,0,0,0,436,32,202,20,10,0,0,10,18,0,8,0,10,102,0,0,14,14,4,0,0,64,0,0,0,2,0,4,16,0,26,2,2,0,0,26,2,0,2,0,0,0,0,0,0,0,0,0,Larynx
s15615,962,8,2900,444,44,0,4,452,694,278,416,2588,0,0,54,52,66,124,0,0,4,10,0,30,20,0,10,4,6266,190,2756,258,64,0,4,66,168,0,28,8,2,1506,0,0,136,314,22,0,32,708,0,4,48,124,2,106,194,0,332,206,8,98,4,1682,42,0,12,0,0,0,0,0,0,0,0,0,Larynx
s15616,112,0,382,46,0,2,0,120,136,54,96,208,0,0,12,6,6,14,0,0,2,12,0,4,2,0,2,0,770,68,282,28,10,0,0,22,18,0,18,2,0,222,2,0,38,74,4,0,4,126,0,0,0,4,0,8,62,0,50,18,0,10,0,88,6,0,8,0,0,0,0,0,0,0,0,0,Floor_of_mouth
s15618,30,0,136,30,2,0,0,50,34,20,36,74,0,0,10,2,0,8,0,0,0,0,0,0,0,0,2,0,254,36,156,6,4,0,0,4,10,0,6,0,0,68,0,0,10,20,4,0,0,42,0,0,0,14,0,8,22,0,32,2,0,4,0,28,0,0,0,0,0,0,0,0,0,0,0,0,Larynx
s15624,48,0,164,26,10,0,0,64,72,32,52,118,0,0,8,2,4,6,0,0,0,2,0,6,0,0,0,0,384,28,192,20,2,0,0,6,20,0,0,0,0,92,0,0,18,34,0,0,2,72,0,0,0,4,0,4,24,0,40,12,0,6,0,54,2,0,6,0,0,0,0,0,0,0,0,0,Larynx
s15626,112,0,244,28,2,0,0,66,58,22,64,170,0,0,16,0,0,6,0,0,2,2,0,6,0,0,2,0,530,36,140,16,4,0,0,6,16,0,8,2,0,118,0,0,20,22,0,0,0,52,0,0,0,12,0,10,22,0,42,14,2,2,0,32,2,0,0,0,0,0,0,0,0,0,0,0,Gum
s15627,996,8,2992,316,18,2,2,220,430,144,252,2502,0,0,20,8,12,40,0,0,2,16,2,16,6,0,8,0,4282,124,908,132,14,0,2,36,70,0,24,6,4,576,0,0,68,178,10,2,6,344,0,6,0,48,0,78,78,0,132,128,2,84,0,1208,18,0,6,0,0,0,0,0,0,0,0,0,Gum
s15628,46,2,172,22,0,0,0,68,62,28,52,132,0,0,10,0,4,12,0,0,0,2,0,12,0,0,2,0,464,46,160,22,12,0,0,8,12,0,6,0,0,98,0,0,22,8,4,0,0,70,0,0,0,4,0,4,36,0,30,4,2,6,0,50,4,0,0,0,0,0,0,0,0,0,0,0,Larynx
s15629,30,0,144,24,2,0,0,32,50,40,38,58,0,0,2,2,0,8,0,0,0,4,0,16,0,0,2,0,206,32,138,4,2,0,0,6,22,0,4,2,0,88,0,0,8,22,2,0,2,52,0,0,0,8,0,10,22,0,22,0,2,4,0,28,4,0,2,0,0,0,0,0,0,0,0,0,Gum
s15636,1294,2,1462,184,8,0,0,182,454,78,158,1272,0,0,18,6,26,24,0,0,2,4,0,10,4,0,0,0,4296,82,218,158,18,0,6,42,82,0,8,0,0,266,0,2,68,232,4,0,12,174,0,10,62,50,0,74,50,0,98,82,4,72,0,152,18,0,8,0,0,0,0,0,0,0,0,0,Base_of_tongue
s15639,836,2,1546,200,10,0,0,230,330,126,200,1292,0,0,36,8,14,34,0,0,10,6,0,0,2,0,2,0,3814,126,546,84,26,2,2,36,84,0,22,2,2,536,0,0,60,186,10,0,10,292,0,6,32,48,4,58,100,2,78,120,2,90,6,650,40,0,16,0,0,0,0,0,0,0,0,0,Floor_of_mouth
s15650,180,2,5106,46,6,0,0,172,118,64,132,346,0,0,32,6,2,12,0,0,0,6,0,12,2,0,4,0,1154,118,290,42,10,0,0,24,24,0,24,2,2,266,0,0,58,62,0,0,0,164,0,0,0,10,2,20,52,0,68,4,4,26,0,14,14,0,6,0,0,0,0,0,0,0,0,0,Floor_of_mouth
s15655,82,0,186,36,0,0,0,96,58,38,74,130,0,0,10,2,4,12,0,0,0,10,0,4,0,0,6,0,650,52,204,16,14,0,0,12,18,0,8,6,2,138,0,0,36,50,4,0,2,94,0,0,0,14,0,14,38,0,40,2,0,10,0,52,4,0,4,0,0,0,0,0,0,0,0,0,Larynx
s15660,38,2,50,4,6,0,0,18,12,16,4,14,0,0,2,2,4,2,0,0,0,0,0,0,0,0,0,0,314,14,22,6,4,0,16,4,0,0,0,0,0,44,0,0,18,0,0,0,0,30,0,0,2,0,0,0,24,0,12,0,0,2,0,0,2,0,50,0,0,0,0,0,0,0,0,0,Larynx
s15663,38,6,52,6,4,0,0,12,18,8,4,12,0,0,8,0,2,0,0,0,0,0,0,0,0,0,0,0,298,8,24,0,0,0,18,6,2,0,0,0,0,54,0,0,2,0,0,0,2,26,0,0,2,0,0,0,20,0,8,2,0,2,0,2,0,0,102,0,0,0,0,0,0,0,0,0,Larynx
s15668,26,2,32,6,2,0,0,10,6,10,6,24,0,0,2,2,0,0,0,0,0,0,0,0,0,0,0,0,216,6,34,6,0,0,10,4,0,0,0,0,0,50,0,0,0,2,0,0,0,20,0,0,10,0,0,0,10,0,38,0,0,0,0,2,0,0,100,0,0,0,0,0,0,0,0,0,Larynx
s15671,28,6,58,10,10,0,0,6,14,2,4,20,0,0,2,0,8,0,0,0,0,0,0,0,0,0,0,0,348,0,16,8,2,0,34,4,0,0,0,0,0,24,0,0,0,4,0,0,0,22,0,0,26,2,0,0,2,0,12,2,0,0,0,2,0,0,64,0,0,0,0,0,0,0,0,0,Larynx
s15672,44,12,72,10,39762,0,0,12,24,18,6,20,0,0,2,0,10,0,0,0,0,0,0,0,0,0,0,0,416,4,24,2,4,0,48,0,2,0,0,0,0,42,0,0,4,22,0,0,0,54,0,0,30,0,0,0,8,0,12,0,0,4,0,0,2,0,84,0,0,0,0,0,0,0,0,0,Gum
s15673,18,0,34,2,2,0,0,8,4,4,2,16,0,0,2,0,0,0,0,0,0,0,0,0,0,0,0,0,96,4,18,2,0,0,8,0,0,0,0,0,0,36,0,0,2,4,0,0,0,14,0,0,10,0,0,0,10,0,6,0,0,0,2,0,0,0,12,0,0,0,0,0,0,0,0,0,Base_of_tongue
s15674,22,0,58,0,10,0,0,14,12,14,6,18,0,0,2,0,4,0,0,0,0,0,0,0,0,0,0,0,242,0,34,4,0,0,8,0,0,0,0,0,0,24,0,0,2,0,0,0,0,10,0,0,2,2,0,0,4,0,16,6,0,0,0,0,0,0,56,0,0,0,0,0,0,0,0,0,Larynx
s15676,14,0,34,8,14,0,0,6,8,6,2,14,0,0,4,0,0,0,0,0,2,2,0,4,0,0,0,0,226,10,22,4,0,0,0,6,0,0,0,0,0,64,0,0,8,8,0,0,0,18,0,0,4,0,0,0,18,0,10,2,0,0,0,4,2,0,32,0,0,0,0,0,0,0,0,0,Larynx
s15677,14,0,14,4,2,0,0,14,6,6,2,14,0,0,6,0,0,0,0,0,0,0,0,2,0,0,0,0,172,12,14,6,4,0,8,2,2,0,0,0,0,30,0,2,2,0,0,0,0,16,0,0,2,0,0,0,14,0,10,6,0,0,0,0,0,0,50,0,0,0,0,0,0,0,0,0,Larynx
s15679,54,0,56,12,20,0,0,26,28,16,24,40,0,0,4,2,0,4,0,0,0,4,0,0,0,0,0,0,290,22,32,10,0,0,6,6,2,0,2,0,0,62,2,0,8,14,0,0,2,52,0,0,12,0,0,0,12,0,6,4,0,6,0,0,10,0,108,0,0,0,0,0,0,0,0,0,Base_of_tongue
s15681,16,0,40,8,40,0,0,22,8,10,8,18,0,0,0,0,0,0,0,0,0,0,0,0,0,0,0,0,222,6,20,0,6,0,14,2,4,0,2,0,0,40,0,0,12,6,0,0,0,36,0,0,6,0,0,0,20,0,6,0,0,2,0,0,0,0,132,0,0,0,0,0,0,0,0,0,Larynx
s15684,10,0,26,12,4,0,0,10,2,8,6,18,0,0,4,0,2,2,0,0,0,0,0,0,0,0,0,0,172,0,18,2,0,0,18,2,2,0,0,0,0,28,0,2,2,2,0,0,0,16,0,0,10,2,2,0,12,0,0,4,0,0,0,2,4,0,34,0,0,0,0,0,0,0,0,0,Larynx
s15685,66,4,80,12,26,0,0,42,12,60,26,60,0,0,8,0,0,6,0,0,0,2,0,0,0,0,0,0,384,26,42,6,42,0,18,12,2,0,4,0,0,100,0,0,16,20,0,0,0,42,0,0,14,0,0,0,32,0,12,0,0,2,0,2,6,0,72,0,0,0,0,0,0,0,0,0,Larynx
s15687,16,0,36,4,10,0,0,4,8,4,6,24,0,0,6,0,0,4,0,0,0,0,0,0,0,0,0,0,170,2,6,4,10,0,10,2,0,0,2,0,0,32,0,4,6,6,0,0,0,28,0,0,4,4,0,0,18,0,18,2,0,2,0,0,0,0,82,0,0,0,0,0,0,0,0,0,Floor_of_mouth
s15693,32,4,66,12,10,0,0,14,40,2,8,34,0,0,4,0,8,0,0,0,0,4,0,0,0,0,0,0,256,0,32,8,4,0,14,10,0,0,4,0,0,58,0,4,4,26,0,0,0,36,0,0,6,0,0,0,18,0,8,6,0,6,0,6,2,0,378,0,0,0,0,0,0,0,0,0,Base_of_tongue
s15695,30,4,96,8,8,0,0,4,6,4,12,18,0,0,12,2,2,2,0,0,0,0,0,0,0,0,0,0,228,6,30,2,6,0,28,0,0,0,2,0,0,46,0,0,0,14,0,0,0,26,0,0,12,4,0,0,14,0,6,0,0,0,0,0,2,0,32,0,0,0,0,0,0,0,0,0,Larynx
s15696,16,4,20,2,4,0,0,14,14,6,2,12,0,0,0,0,4,0,0,0,0,0,0,0,0,0,0,0,182,12,12,0,0,0,8,4,0,0,0,0,0,32,0,0,6,4,0,0,0,16,0,0,10,0,0,0,12,0,12,0,0,0,0,4,0,0,56,0,0,0,0,0,0,0,0,0,Larynx
s15698,16,0,34,0,4,0,0,8,6,12,10,10,0,0,16,0,0,0,0,0,0,0,0,0,0,0,0,0,134,0,12,0,0,0,10,0,0,0,0,0,0,14,0,0,6,6,0,0,0,16,0,0,4,0,0,0,14,0,12,0,0,0,0,0,0,0,14,0,0,0,0,0,0,0,0,0,Larynx
s15699,12,0,80,4,6,0,0,8,6,6,14,10,0,0,4,2,0,0,2,0,0,0,0,0,0,0,0,0,232,2,20,2,4,0,8,4,0,0,2,0,0,32,0,0,6,28,0,0,0,14,0,0,4,0,2,0,14,0,18,0,0,0,0,2,4,0,48,0,0,0,0,0,0,0,0,0,Floor_of_mouth
s15701,12,0,76,4,16,0,0,20,10,28,12,8,0,0,4,0,0,0,0,0,0,0,0,0,0,0,0,0,98,8,42,4,8,0,2,2,0,0,0,2,0,24,0,0,8,2,0,0,0,28,0,0,8,4,0,0,32,0,8,2,2,0,0,0,4,0,16,0,0,0,0,0,0,0,0,0,Larynx
s15704,16,0,44,4,84,0,0,10,10,4,16,12,0,0,2,0,2,6,0,0,0,0,0,0,0,0,0,0,184,18,28,0,0,0,8,4,0,0,0,2,0,34,0,0,6,10,0,0,0,18,0,0,26,2,0,0,16,0,32,0,0,0,0,10,2,0,44,0,0,0,0,0,0,0,0,0,Floor_of_mouth
s15706,10,0,26,8,6,0,0,8,6,14,4,16,0,0,2,0,0,4,0,0,0,0,0,0,0,0,0,0,138,10,22,2,0,0,8,8,0,0,0,2,0,42,0,0,4,10,0,0,2,28,0,0,14,0,0,0,4,0,18,4,0,0,0,0,2,0,70,0,0,0,0,0,0,0,0,0,Floor_of_mouth
s15707,20,0,92,0,2,0,0,10,10,10,0,8,0,0,0,0,4,0,0,0,0,0,0,0,2,0,0,0,142,16,38,0,4,0,6,6,0,0,2,0,2,56,0,0,10,18,0,0,6,24,0,0,12,0,0,0,12,0,18,2,0,0,0,6,2,0,28,0,0,0,0,0,0,0,0,0,Floor_of_mouth
s15708,12,0,90,2,20,0,0,24,10,16,4,12,0,0,4,0,4,6,0,0,0,0,0,0,0,0,0,0,130,4,42,2,8,0,2,0,0,0,2,0,0,34,0,0,4,2,0,0,8,8,0,0,6,14,0,0,6,0,18,0,0,4,0,0,2,0,4,0,0,0,0,0,0,0,0,0,Gum
s15720,22,0,28,4,0,0,0,18,14,18,4,2,0,0,6,0,0,4,0,0,0,0,0,2,0,0,0,0,214,14,26,4,14,0,10,0,2,0,0,0,0,58,0,0,10,10,2,0,0,26,0,0,38,0,0,0,14,0,10,0,0,2,0,6,8,0,40,0,0,0,0,0,0,0,0,0,Larynx
s15730,26,0,80,2,4,0,0,32,8,4,22,26,0,0,0,0,2,2,0,0,0,2,0,0,0,0,0,0,250,16,38,2,12,0,4,12,0,0,2,2,0,98,0,0,16,6,0,0,2,30,0,0,4,0,0,0,22,0,24,4,0,0,0,2,4,0,168,0,0,0,0,0,0,0,0,0,Floor_of_mouth
s15732,14,0,46,0,8,0,0,4,10,20,8,6,0,0,2,0,4,2,0,0,0,0,0,0,0,0,0,0,146,4,44,0,6,0,0,0,0,0,0,0,0,52,0,0,4,6,0,0,0,8,0,0,16,0,0,0,6,0,18,2,0,0,0,0,0,0,218,0,0,0,0,0,0,0,0,0,Larynx
s15733,10,0,46,2,12414,0,0,6,6,20,6,12,0,0,0,0,2,4,0,0,0,0,0,0,0,0,0,0,96,6,28,0,0,0,10,2,8,0,0,0,0,30,0,0,0,4,0,0,2,14,0,0,12,0,2,0,10,0,10,0,0,0,0,2,2,0,50,0,0,0,0,0,0,0,0,0,Gum
s15734,10,0,172,0,31722,0,0,12,10,22,6,16,0,0,8,0,2,0,0,0,0,0,0,0,0,0,0,0,196,2,22,2,4,0,0,8,6,0,2,0,0,60,0,0,0,0,0,0,0,30,0,0,4,2,0,0,12,0,14,4,0,2,0,0,2,0,58,0,0,0,0,0,0,0,0,0,Base_of_tongue
s15735,4,0,60,4,198,0,0,20,6,22,12,8,0,0,4,2,0,4,0,0,0,0,0,2,0,0,0,0,112,16,22,0,10,0,6,4,0,0,6,0,0,44,0,2,2,2,0,0,0,28,0,0,6,0,4,0,10,0,24,0,0,4,0,0,0,0,204,0,0,0,0,0,0,0,0,0,Floor_of_mouth
s15736,14,0,64,4,8,0,0,6,14,18,8,8,0,0,6,0,2,2,0,0,0,2,0,0,0,0,2,0,228,10,10,2,2,0,0,4,0,0,0,2,0,36,0,0,2,4,0,0,0,16,0,0,6,2,0,0,18,0,18,0,2,2,0,2,2,0,74,0,0,0,0,0,0,0,0,0,Floor_of_mouth
s15741,12,4,70,4,4,0,0,12,14,12,18,14,0,0,4,0,0,4,0,0,0,0,0,0,0,0,0,0,128,6,32,8,2,0,4,0,2,0,0,2,0,76,0,0,14,0,0,0,0,28,0,0,10,0,0,2,18,0,24,0,0,2,0,0,2,0,32,0,0,0,0,0,0,0,0,0,Larynx
s15742,1080,2,1190,346,51308,2,2,78,580,42,40,1072,0,0,8,12,88,36,0,0,4,2,0,40,6,0,0,0,5538,28,54,282,8,0,10,22,30,0,10,4,0,294,0,0,40,640,70,0,18,118,0,12,0,76,2,84,38,0,30,68,2,260,0,570,12,4,46,0,0,2,0,0,0,0,0,0,Larynx
s15743,1190,12,1518,456,20,0,2,92,816,54,84,1306,0,0,20,12,86,40,0,0,16,0,0,38,8,0,0,2,6514,44,58,388,16,0,10,26,24,0,24,6,18,340,4,0,56,1030,52,0,26,112,2,8,0,88,2,84,44,2,58,80,2,396,4,628,12,0,50,0,0,0,0,0,2,0,0,0,Larynx
s15745,1006,12,1194,312,103776,2,0,90,624,76,64,1084,2,0,12,14,74,54,0,0,6,0,0,20,10,0,2,0,5326,34,38,304,26,0,16,18,28,0,18,2,4,392,0,0,54,896,64,0,16,112,0,8,0,100,0,64,48,2,32,68,0,458,0,696,8,6,26,0,0,0,0,0,0,0,0,0,Gum
s15749,42,0,132,28,2,0,0,28,46,24,36,104,0,0,6,0,2,2,0,0,0,2,0,4,2,0,2,0,322,12,158,12,4,0,0,2,20,0,0,0,2,30,0,0,6,12,0,0,0,34,0,0,0,2,2,0,8,0,16,2,0,6,0,20,0,0,0,0,0,0,0,0,0,0,0,0,Larynx
s15751,710,2,1874,272,32,0,0,282,444,156,278,1608,0,0,54,22,50,44,0,0,6,16,0,16,8,0,0,0,4236,152,576,178,34,0,16,34,86,0,28,6,0,716,2,0,116,288,16,0,12,306,0,6,54,70,0,70,154,2,132,74,10,88,0,894,20,0,14,0,0,0,0,0,0,0,0,0,Larynx
s15752,1070,20,2698,408,76,0,2,550,696,352,570,2036,0,0,64,104,22,172,0,0,16,20,0,10,2,0,6,0,6778,236,5210,304,50,0,2,50,162,0,38,0,10,1756,0,2,146,286,32,0,14,984,0,8,50,132,2,122,182,4,336,178,6,98,8,1732,62,0,20,0,0,0,0,2,0,0,0,0,Floor_of_mouth
s15760,68,0,122,28,24302,0,0,44,38,18,40,88,0,0,0,0,0,12,0,0,0,0,0,10,0,0,2,0,292,22,152,22,8,0,0,10,18,0,4,0,0,104,0,0,20,28,0,0,0,60,0,0,0,4,2,4,26,0,22,4,0,6,0,30,2,0,0,0,0,0,0,0,0,0,0,0,Gum
s15764,100,0,268,50,4,0,0,76,76,32,94,166,0,0,22,8,4,10,0,0,2,0,2,6,0,0,6,0,638,40,208,26,16,0,0,18,14,0,16,0,0,118,0,0,22,44,2,0,0,70,0,0,0,6,0,6,26,0,32,8,0,2,0,22,0,0,0,0,0,0,0,0,0,0,0,0,Larynx
s15765,68,0,184,24,16,0,0,30,38,30,32,104,0,0,10,0,8,6,0,0,2,4,0,8,0,0,0,0,326,26,150,10,4,0,0,4,12,0,2,0,0,54,0,0,10,24,0,0,4,44,0,0,0,18,0,10,18,0,18,2,0,4,0,50,0,0,2,0,0,0,0,0,0,0,0,0,Floor_of_mouth
s15766,808,6,1620,276,14,0,0,254,484,104,212,1256,0,0,36,22,14,64,0,0,6,12,2,20,4,0,2,0,3520,128,962,196,26,0,4,34,88,0,20,6,10,694,2,0,82,138,14,0,8,274,0,4,28,88,0,44,126,2,120,78,6,66,2,690,34,2,22,0,0,0,0,0,0,0,0,0,Larynx
s15767,56,0,200,32,6,0,0,68,70,48,42,142,0,0,6,2,2,8,0,0,0,4,0,6,2,0,0,0,382,44,236,20,8,0,0,14,10,0,4,0,0,132,0,0,16,28,0,0,0,52,0,2,0,10,0,10,32,0,30,6,0,6,0,32,2,0,0,0,0,0,0,0,0,0,0,0,Floor_of_mouth
s15774,906,10,2514,260,24,0,0,322,554,152,304,2104,0,0,28,22,42,70,0,0,6,12,2,34,2,0,4,2,4728,156,686,214,30,0,4,44,94,0,34,4,4,648,0,4,126,298,8,0,4,340,0,4,76,84,0,64,148,4,170,104,8,114,6,1358,32,0,10,0,8,0,0,0,0,0,0,0,Larynx
s15777,96,2,20494,78,4,0,0,202,90,86,140,246,0,0,24,10,2,22,0,0,0,10,0,24,2,0,6,0,802,102,444,22,36,0,0,26,22,0,20,2,0,380,2,0,52,36,6,0,0,140,0,0,0,22,0,8,132,0,66,6,0,12,2,6,16,0,2,0,0,0,0,0,0,0,0,0,Floor_of_mouth
s15788,22,2,42,8,24,0,0,16,12,16,8,16,0,0,4,2,2,2,0,0,0,2,0,0,0,0,0,0,214,12,32,4,2,0,8,0,0,0,2,2,0,64,0,0,10,20,0,0,0,32,0,0,8,2,0,0,24,0,12,4,2,0,0,0,0,0,48,0,0,0,0,0,0,0,0,0,Larynx
s15789,24,0,60,14,38614,0,0,18,8,16,8,16,0,0,8,0,4,4,0,0,0,2,0,2,0,0,0,0,268,14,36,0,2,0,12,4,0,0,0,0,0,52,0,0,4,30,0,0,0,26,0,0,4,0,0,0,12,0,18,6,0,0,0,2,0,0,46,0,0,0,0,0,0,0,0,0,Base_of_tongue
s15795,54,2,126,10,24,0,0,8,14,10,14,20,0,0,4,0,2,2,0,0,0,2,0,0,0,0,0,0,236,2,18,6,6,0,18,10,0,0,0,0,0,106,0,0,12,12,0,0,0,26,0,0,2,0,0,0,20,0,16,4,0,2,0,4,0,0,78,0,0,0,0,0,0,0,0,0,Base_of_tongue
s15796,28,2,36,2,38,0,0,14,24,10,6,14,0,0,2,0,10,2,0,0,0,0,0,0,0,0,0,0,260,8,10,0,0,0,34,6,2,0,0,0,0,30,0,0,4,8,0,0,2,34,0,0,16,0,0,0,8,0,14,2,0,2,0,2,0,0,44,0,0,0,0,0,0,0,0,0,Floor_of_mouth
s15798,18,0,26,4,12,0,0,6,2,10,12,24,0,0,6,0,0,0,0,0,0,0,0,0,0,0,0,0,210,4,22,6,0,0,10,4,0,0,2,4,0,54,0,0,8,2,0,0,0,36,0,0,10,0,0,0,10,0,8,0,0,0,0,0,2,0,64,0,0,0,0,0,0,0,0,0,Larynx
s15799,20,0,116,4,16,0,0,12,4,4,8,24,0,0,4,0,2,2,0,0,0,2,0,0,0,0,0,0,250,18,50,0,0,0,6,0,2,0,2,0,0,36,0,2,14,8,0,0,0,24,0,0,8,0,0,0,24,0,14,4,0,0,0,6,4,0,46,0,0,0,0,0,0,0,0,0,Larynx
s15803,18,0,34,6,2,0,0,12,10,16,6,10,0,0,6,0,0,0,0,0,0,2,0,0,0,0,0,0,228,2,22,0,0,0,8,6,0,0,4,2,0,54,0,0,8,8,0,0,0,20,0,0,8,2,0,0,24,0,6,2,0,4,0,0,0,0,58,0,0,0,0,0,0,0,0,0,Larynx
s15805,34,2,76,8,30,0,0,16,20,0,2,32,0,0,0,0,0,2,0,0,0,0,0,0,0,0,0,0,226,16,20,10,4,0,30,4,0,0,2,2,0,20,0,0,6,2,0,0,2,66,0,0,6,0,0,0,14,0,12,4,0,0,0,0,2,0,180,0,0,0,0,0,0,0,0,0,Larynx
s15806,20,0,50,6,42,0,0,6,14,8,2,12,0,0,0,0,0,2,0,0,0,0,0,0,0,0,0,0,182,10,22,2,2,0,6,10,0,0,2,0,0,58,2,0,18,10,0,0,0,24,0,0,10,0,0,0,12,0,8,0,0,0,0,2,6,0,34,0,0,0,0,0,0,0,0,0,Floor_of_mouth
s15809,22,4,38,8,4,0,0,14,12,10,0,16,0,0,6,0,2,0,0,0,0,0,0,0,0,0,0,0,196,2,20,2,2,0,10,4,0,0,2,0,0,46,0,0,10,6,0,0,0,22,0,0,8,0,0,0,10,0,14,0,0,4,0,0,0,0,38,0,0,0,0,0,0,0,0,0,Floor_of_mouth
s15811,32,2,38,2,8,0,0,8,8,10,4,22,0,0,2,0,2,0,0,0,0,0,0,0,0,0,0,0,168,8,30,0,0,0,2,0,2,0,0,0,8,44,0,0,6,2,0,0,0,16,0,0,8,2,0,0,8,0,12,0,0,0,0,0,0,0,48,0,0,0,0,0,0,0,0,0,Larynx
s15814,18,0,44,4,0,0,0,10,6,10,12,16,0,0,2,0,0,2,0,0,2,0,0,2,0,0,0,0,228,14,30,0,0,0,16,4,0,0,0,0,0,24,0,0,8,8,0,0,0,38,0,0,12,2,0,0,16,0,4,0,0,6,2,0,0,0,66,0,0,0,0,0,0,0,0,0,Larynx
s15817,18,0,34,4,4,0,0,4,10,12,6,16,0,0,2,0,0,0,0,0,0,0,0,2,0,0,0,0,200,4,30,4,6,0,10,2,0,0,2,0,0,46,0,2,6,4,0,0,2,24,0,0,0,0,0,0,8,0,12,4,0,0,0,2,2,0,100,0,0,0,0,0,0,0,0,0,Larynx
s15823,8,6,50,2,28,0,0,6,16,6,12,14,0,0,10,0,0,2,0,0,0,0,0,0,0,0,0,0,148,8,32,2,2,0,16,8,2,0,0,2,0,32,0,0,8,14,0,0,0,20,0,0,6,0,0,0,8,0,22,0,0,2,0,2,4,0,40,0,0,0,0,0,0,0,0,0,Larynx
s15827,20,2,32,4,4,0,0,2,4,6,6,8,0,0,2,0,0,0,0,0,0,0,0,0,0,0,0,2,130,0,18,0,2,0,12,2,0,0,0,0,0,36,0,0,6,10,0,0,0,18,0,0,4,0,0,0,16,0,8,2,0,0,0,2,2,0,40,0,0,0,0,0,0,0,0,0,Larynx
s15830,14,2,22,4,9396,0,0,16,12,6,6,14,0,0,8,0,2,0,0,0,0,2,0,0,0,0,2,0,224,8,24,0,0,0,0,0,2,0,6,0,0,40,0,0,10,6,0,0,0,24,0,0,58,2,0,0,8,0,12,2,0,0,0,0,0,0,20,0,0,0,0,0,0,0,0,0,Base_of_tongue
s15831,38,0,68,6,18,0,0,14,14,6,2,22,0,0,12,0,0,8,0,0,0,0,0,0,0,0,0,0,228,10,20,2,0,0,10,8,0,0,0,0,0,58,0,0,4,4,0,0,0,28,0,0,6,2,0,0,0,0,12,0,0,0,0,0,0,0,86,0,0,0,0,0,0,0,0,0,Base_of_tongue
s15833,4,0,26,6,0,0,0,6,6,10,0,10,0,0,4,0,0,0,0,0,0,0,0,0,0,0,0,0,124,8,18,0,2,0,2,0,0,0,0,0,0,30,0,0,4,2,0,0,0,16,0,0,2,0,0,0,12,0,12,0,0,0,0,0,2,0,10,0,0,0,0,0,0,0,0,0,Larynx
s15834,28,0,26,2,6,0,0,2,8,12,2,12,0,0,0,0,0,2,0,0,0,0,0,0,0,0,2,0,164,6,6,2,2,0,6,0,0,0,0,0,0,32,0,0,2,14,0,0,0,12,0,0,2,0,0,0,16,0,4,0,0,0,2,2,0,0,38,0,0,0,0,0,0,0,0,0,Larynx
s15836,6,0,24,0,22,0,0,14,6,12,8,12,0,0,4,0,0,4,0,0,0,2,0,0,0,0,0,0,152,12,34,0,2,0,2,0,2,0,0,0,0,44,0,0,6,6,0,0,0,32,0,0,16,0,0,0,10,0,6,0,0,0,0,0,0,0,52,0,0,0,0,0,0,0,0,0,Larynx
s15838,14,0,44,12,0,0,0,36,10,8,2,10,0,0,0,0,4,2,0,0,0,0,0,0,0,0,0,0,198,6,36,0,4,0,2,0,2,0,2,4,0,68,0,0,6,6,0,0,2,38,0,0,18,0,2,0,26,0,30,2,0,0,0,2,4,0,70,0,0,0,0,0,0,0,0,0,Larynx
s15839,18,0,50,2,24,0,0,26,10,20,6,16,0,0,2,0,0,2,0,0,0,2,0,2,0,0,0,0,136,26,38,6,8,0,10,0,0,0,0,0,0,72,0,0,2,16,0,0,0,38,0,0,16,0,2,0,12,0,20,0,0,0,0,0,2,0,72,0,0,0,0,0,0,0,0,0,Larynx
s15840,40,2,50,12,98426,0,0,8,16,14,8,32,0,0,2,0,4,2,0,0,0,0,0,4,0,0,0,0,264,10,52,6,4,0,8,6,2,0,0,0,0,86,0,0,10,20,0,0,0,32,0,0,14,0,0,0,18,0,16,6,0,0,0,0,4,0,100,0,0,0,0,0,0,0,0,0,Base_of_tongue
s15855,14,0,32,4,10,0,0,16,6,10,8,8,0,0,0,0,0,4,0,0,0,0,0,0,0,0,0,0,130,6,14,0,0,0,10,2,0,0,0,6,0,54,0,0,4,8,0,0,0,30,0,0,2,0,0,0,18,0,14,0,0,4,0,0,2,0,56,0,0,0,0,0,0,0,0,0,Floor_of_mouth
s15857,6,0,42,0,10,0,0,16,2,14,2,16,0,0,2,0,0,0,0,0,0,0,0,0,0,0,0,0,124,4,30,0,2,0,4,0,0,0,0,0,0,40,0,2,2,4,0,0,0,34,0,0,10,10,2,0,8,0,12,0,0,2,0,0,0,0,20,0,0,0,0,0,0,0,0,0,Floor_of_mouth
s15858,16,0,68,6,16,0,0,20,6,12,6,12,0,0,2,0,0,0,0,0,0,2,0,2,0,0,2,0,130,10,34,2,8,0,6,6,2,0,0,0,0,32,0,0,12,0,0,0,0,18,0,0,12,0,0,0,8,0,16,0,0,2,0,0,0,0,32,0,0,0,0,0,0,0,0,0,Floor_of_mouth
s15859,14,0,502,0,8,0,0,26,26,16,8,24,0,0,8,0,2,0,0,0,0,0,0,4,0,0,0,0,220,8,26,2,12,0,0,4,4,0,0,0,0,66,0,0,4,28,0,0,0,14,0,0,12,0,0,0,20,0,22,0,0,0,2,0,2,0,58,0,0,0,0,0,0,0,0,0,Larynx
s15863,712,4,1032,294,20,0,0,88,590,40,50,1022,0,0,14,10,34,46,0,0,4,2,0,36,2,0,4,2,4520,30,20,244,8,0,8,16,24,0,6,2,2,304,0,0,38,546,58,0,10,108,0,26,0,132,0,84,28,2,36,74,4,350,2,600,6,0,8,0,0,0,0,0,0,0,0,0,Base_of_tongue
s15867,1334,8,1212,384,12,0,0,120,748,72,82,1350,0,0,22,32,80,28,0,0,22,6,2,22,2,0,4,0,6206,48,56,470,12,0,6,26,30,0,12,0,8,378,4,2,40,726,62,0,18,142,0,6,0,92,0,56,46,0,38,82,0,302,2,584,8,0,30,0,0,0,0,0,0,0,0,0,Base_of_tongue
s15871,198,0,278,82,526,0,0,26,124,12,10,204,0,0,8,8,8,6,0,0,10,2,0,0,2,0,0,0,1496,8,34,108,2,2,2,6,22,0,6,2,2,104,0,0,2,92,6,0,0,10,0,4,0,22,0,14,8,0,18,24,0,22,2,170,4,0,2,0,0,0,0,0,0,0,0,0,Base_of_tongue
s15872,262,0,306,86,78,0,0,24,126,18,22,286,0,0,2,8,12,6,0,0,0,0,0,10,0,0,0,0,1330,8,58,56,4,0,0,12,8,0,2,0,0,100,0,0,8,116,14,0,6,36,0,0,0,38,0,16,10,0,8,26,0,46,0,174,4,0,2,0,0,0,0,0,0,0,0,0,Floor_of_mouth
s15877,144,6,268,56,2,0,0,86,122,30,80,228,0,0,10,2,4,14,0,0,0,4,0,0,2,0,0,0,874,56,156,60,8,0,0,10,22,0,12,0,0,116,0,0,32,52,4,0,0,118,0,0,0,2,0,6,26,0,32,6,0,12,0,36,2,0,4,0,0,0,0,0,0,0,0,0,Larynx
s15883,70,0,178,28,2,0,0,64,38,26,36,144,0,0,10,0,2,10,0,0,2,4,2,2,0,0,0,0,380,46,186,24,4,0,0,6,18,0,4,0,2,116,0,0,12,28,0,0,0,68,0,0,0,6,0,6,12,0,28,4,0,4,2,24,6,0,0,0,0,0,0,0,0,0,0,0,Larynx
s15885,56,0,234,22,4,0,0,74,64,34,42,126,0,0,10,0,6,6,0,0,0,2,0,2,0,0,2,0,418,40,158,18,10,0,0,16,12,0,16,0,0,92,0,0,18,24,4,0,0,62,0,2,0,4,2,6,26,0,34,4,0,10,0,24,2,0,0,0,0,0,0,0,0,0,0,0,Larynx
s15888,100,0,322,44,0,0,0,94,98,26,58,178,0,0,14,10,4,12,0,0,4,0,0,14,2,0,10,0,632,56,222,32,8,0,0,12,12,0,6,2,0,160,0,0,30,32,8,0,0,96,0,0,0,6,0,2,30,0,58,6,8,8,0,62,2,0,6,0,0,0,0,0,0,0,0,0,Larynx
s15889,110,0,542,54,4,0,2,108,98,68,52,250,0,0,16,2,10,12,0,0,0,6,0,12,0,0,4,0,718,48,316,30,20,0,0,10,30,0,6,0,0,200,2,0,34,48,4,0,2,94,0,0,0,12,0,6,52,2,60,12,4,4,0,94,6,0,2,0,0,0,0,0,0,0,0,0,Gum
s15890,70,0,218,28,4,0,0,58,46,32,52,152,0,0,2,0,6,4,0,0,2,4,0,4,2,0,0,0,448,28,230,10,6,0,0,10,20,0,4,2,0,104,0,0,12,32,0,0,2,78,0,0,0,10,0,10,34,0,44,4,2,0,0,26,2,0,2,0,0,0,0,0,0,0,0,0,Larynx
s15891,40,0,212,36,0,0,0,56,68,16,34,144,0,0,4,4,0,6,0,0,0,4,0,2,0,0,0,0,408,26,180,14,4,0,0,10,12,0,2,0,0,102,0,0,16,22,0,0,2,82,0,0,0,12,2,4,12,0,24,2,0,4,0,28,8,0,2,0,0,0,0,0,0,0,0,0,Larynx
s15904,64,2,190,30,2,0,0,36,50,30,40,94,0,0,6,8,0,8,0,0,0,4,0,10,4,0,0,0,594,24,148,24,6,0,2,4,12,0,2,0,0,138,0,0,12,28,4,0,4,76,0,0,0,10,0,6,22,0,36,12,0,12,0,12,6,0,2,0,0,0,0,0,0,0,0,0,Larynx
s15909,42,0,176,20,0,0,0,52,36,22,50,80,0,0,8,0,2,2,0,0,2,0,0,0,0,0,4,0,314,22,134,8,8,0,0,4,10,0,0,2,0,52,2,0,8,20,0,0,0,44,0,0,0,6,0,4,8,0,38,6,0,12,0,30,0,0,0,0,0,0,0,0,0,0,0,0,Floor_of_mouth
s15912,30,0,136,20,0,0,0,28,38,16,24,66,0,0,2,0,0,0,0,0,4,0,0,6,0,0,0,0,228,18,118,10,6,0,2,2,12,0,0,0,0,50,0,0,12,18,2,0,0,32,0,0,0,2,0,2,12,0,18,4,0,6,0,14,6,0,0,0,0,0,0,0,0,0,0,0,Larynx
s15913,68,2,374,44,2,0,0,96,62,28,90,238,0,0,12,4,6,14,0,0,0,4,0,14,0,0,2,0,602,62,272,20,14,0,2,10,16,0,8,0,0,146,2,0,38,44,0,0,0,108,0,2,0,16,0,8,38,0,46,12,2,6,0,34,2,0,0,0,0,0,0,0,0,0,0,0,Larynx
s15919,26,0,186,10,36236,0,0,18,16,22,2,18,0,0,4,0,2,4,0,0,0,0,0,4,0,0,2,0,234,18,52,4,2,0,12,4,2,0,4,2,0,80,0,0,4,10,0,0,0,14,0,0,12,0,0,0,24,0,18,2,2,0,0,0,4,0,40,0,0,0,0,0,0,0,0,0,Base_of_tongue
s15920,32,4,52,4,2,0,0,10,2,2,2,16,0,0,4,0,0,0,0,0,0,0,0,0,0,0,0,0,134,8,12,0,0,0,10,0,0,0,0,2,0,26,0,0,6,2,0,0,0,16,0,0,2,2,2,0,18,0,6,0,0,0,0,0,0,0,62,0,0,0,0,0,0,0,0,0,Larynx
s15925,28,0,70,8,10,0,0,8,10,18,8,8,0,0,2,0,2,0,0,0,0,0,0,0,0,0,2,0,226,12,20,0,2,0,14,4,0,0,2,0,0,70,0,0,6,14,0,0,0,20,0,0,6,4,0,0,10,0,4,0,0,2,0,0,2,0,90,0,0,0,0,0,0,0,0,0,Larynx
s15926,36,0,42,6,14,0,0,12,8,12,4,28,0,0,4,0,0,2,0,0,0,2,0,0,0,0,0,0,234,26,38,2,4,0,4,2,0,0,0,0,0,46,0,0,14,8,0,0,0,20,0,0,18,0,0,0,8,0,10,0,0,0,0,0,0,0,48,0,0,0,0,0,0,0,0,0,Larynx
s15927,28,2,86,6,12,0,0,12,14,28,4,26,0,0,4,0,4,0,0,0,0,0,0,2,0,0,0,0,314,8,24,10,0,0,20,12,0,0,0,4,2,72,0,0,2,4,0,0,0,30,0,0,2,0,2,0,16,0,26,2,0,6,0,0,10,0,66,0,0,0,0,0,0,0,0,0,Larynx
s15928,38,0,54,4,14,0,0,12,12,4,8,28,0,0,2,0,8,0,0,0,0,0,0,0,0,0,0,0,330,10,30,6,2,0,56,10,0,0,0,0,0,70,0,0,8,8,0,0,0,56,0,0,16,0,0,0,8,0,10,0,0,0,0,2,4,0,62,0,0,0,0,0,0,0,0,0,Larynx
s15930,30,4,78,6,18,0,0,12,16,10,8,24,0,0,8,0,8,4,0,0,0,0,0,2,0,0,0,0,210,12,42,4,0,0,26,0,0,0,4,2,0,48,0,0,2,14,0,0,0,80,0,0,22,0,0,0,22,0,18,0,0,0,2,6,2,0,158,0,0,0,0,0,0,0,0,0,Larynx
s15932,34,2,98,12,24,0,0,16,26,16,8,30,0,0,8,0,4,2,0,0,0,2,0,0,4,0,2,0,280,8,42,2,8,0,56,6,2,0,0,2,0,64,0,0,14,14,0,0,0,50,0,0,12,0,0,0,20,0,18,2,0,0,0,0,0,0,82,0,0,0,0,0,0,0,0,0,Larynx
s15934,42,0,46,4,6,0,0,8,14,8,6,12,0,0,2,0,10,0,0,0,0,0,0,2,0,0,0,0,236,0,30,12,2,0,12,2,2,0,0,0,0,46,0,0,12,16,0,0,2,18,0,0,12,0,0,0,24,0,16,2,0,0,0,2,0,0,74,0,0,0,0,0,0,0,0,0,Larynx
s15940,28,4,68,2,38,0,0,0,32,4,6,26,0,0,2,2,8,0,0,0,0,0,0,0,0,0,0,0,350,4,14,2,0,0,80,0,0,0,0,0,0,32,0,0,8,18,0,0,0,22,0,0,26,0,2,0,12,0,16,0,0,0,0,0,0,0,46,0,0,0,0,0,0,0,0,0,Floor_of_mouth
s15941,24,0,46,10,16,0,2,4,6,18,12,16,0,0,0,0,2,2,0,0,0,0,0,0,0,0,0,0,278,18,24,4,6,0,6,4,2,0,2,0,0,54,0,0,10,14,0,0,0,36,0,0,16,0,0,0,10,0,14,0,0,0,0,2,4,0,48,0,0,0,0,0,0,0,0,0,Larynx
s15949,24,0,62,0,2,0,0,12,10,16,20,24,0,0,6,0,2,2,0,0,0,2,0,2,2,0,0,0,214,10,38,4,10,0,18,10,0,0,0,0,0,66,0,0,10,6,0,0,0,28,0,0,12,0,0,0,22,0,20,2,0,0,0,2,0,0,36,0,0,0,0,0,0,0,0,0,Floor_of_mouth
s15951,10,0,46,6,6,0,0,18,8,6,10,8,0,0,4,0,6,2,0,0,0,0,0,0,0,0,0,0,196,0,16,0,0,0,18,2,2,0,0,0,0,54,0,0,4,14,0,0,0,22,0,0,8,0,0,0,6,0,14,0,0,2,0,2,0,0,62,0,0,0,0,0,0,0,0,0,Floor_of_mouth
s15953,14,0,46,8,42,0,0,36,2,10,8,32,0,0,6,0,2,8,0,0,0,0,0,2,0,0,0,0,376,12,60,6,12,0,14,6,2,0,0,4,0,68,0,0,10,14,0,0,0,42,0,0,6,0,0,0,28,0,16,2,0,6,0,0,8,0,140,0,0,0,0,0,0,0,0,0,Base_of_tongue
s15954,20,8,106,10,36,0,0,10,20,12,4,26,0,0,0,0,22,2,0,0,0,2,0,0,0,0,0,0,308,2,8,4,0,0,56,0,0,0,0,0,2,38,0,0,6,2,0,0,0,24,0,0,34,0,0,0,22,0,16,2,0,2,0,0,2,0,46,2,0,0,0,0,0,0,0,0,Larynx
s15962,34,0,38,6,2,0,0,12,6,18,6,14,0,0,4,2,8,0,0,0,0,0,0,0,0,0,0,0,156,6,30,2,6,0,4,2,0,0,0,0,0,56,0,0,2,6,0,0,0,16,0,0,12,0,0,0,6,0,10,2,0,2,0,2,0,0,22,0,0,0,0,0,0,0,0,0,Larynx
s15966,18,0,34,0,6,0,0,22,4,8,8,10,0,0,2,0,0,0,0,0,0,0,0,0,0,0,0,0,160,4,16,2,0,0,6,0,2,0,0,0,0,48,0,0,0,8,0,0,0,20,0,0,2,2,0,0,12,0,8,2,0,0,0,6,0,0,36,0,0,0,0,0,0,0,0,0,Base_of_tongue
s15971,8,0,22,2,0,0,0,6,0,2,0,6,0,0,2,0,0,0,0,0,0,0,0,0,0,0,0,0,100,2,26,0,0,0,2,2,2,0,0,2,0,16,0,0,8,0,0,0,0,6,0,0,4,0,0,0,4,0,0,0,2,0,0,0,0,0,72,0,0,0,0,0,0,0,0,0,Larynx
s15972,14,0,24,2,4,0,0,10,6,12,6,10,0,0,4,0,0,2,0,0,0,0,0,0,0,0,0,0,142,0,26,0,4,0,14,4,0,0,0,0,0,18,0,0,4,4,0,0,0,10,0,0,10,4,0,0,10,0,8,0,0,0,0,0,0,0,60,0,0,0,0,0,0,0,0,0,Larynx
s15974,18,4,24,2,14,0,0,4,22,4,8,2,0,0,0,0,0,0,0,0,0,0,0,0,0,0,0,0,214,0,8,2,2,0,2,0,0,0,0,4,0,16,0,0,6,10,0,0,2,4,0,0,8,0,0,0,6,0,4,0,0,0,0,0,0,0,30,0,0,0,0,0,0,0,0,0,Gum
s15975,46,2,40,10,4,0,0,10,14,8,2,8,0,0,2,0,0,4,0,0,0,0,0,0,0,0,0,0,250,10,12,4,2,0,22,0,0,0,0,0,2,32,0,0,4,0,0,0,0,34,0,0,10,0,0,0,6,0,2,0,0,0,0,4,2,0,70,0,0,0,0,0,0,0,0,0,Larynx
s15976,12,0,358,2,20,0,0,22,12,12,4,14,0,0,6,0,0,2,0,0,0,0,0,0,0,0,2,0,294,10,26,4,8,0,12,12,0,0,4,0,0,66,0,0,10,14,0,0,0,18,0,0,16,4,2,0,8,0,32,2,0,0,0,0,2,0,62,0,0,0,0,0,0,0,0,0,Larynx
s15977,10,0,128,12,48,0,0,8,18,2,6,26,0,0,8,0,0,2,0,0,0,0,0,0,0,0,0,0,238,8,40,4,6,0,14,2,0,0,0,0,0,48,0,0,2,10,0,0,0,40,0,0,4,2,2,0,8,0,16,0,0,0,0,2,4,0,78,0,0,0,0,0,0,0,0,0,Larynx
s15978,60,2,94,14,2,0,0,18,22,22,16,18,0,0,12,2,4,2,0,0,0,2,0,0,0,0,0,0,426,18,46,14,6,0,26,2,2,0,2,0,4,64,0,0,18,6,0,0,0,46,0,0,16,2,0,0,22,0,24,6,0,2,0,0,2,0,136,0,0,0,0,0,0,0,0,0,Larynx
s15979,18,4,36,10,8,0,0,2,10,14,2,14,0,0,4,2,0,2,0,0,0,0,0,0,0,0,0,0,160,6,12,2,6,0,6,0,0,0,0,0,0,14,0,0,0,4,0,0,0,18,0,0,12,0,0,0,2,0,8,4,0,0,2,4,0,0,38,0,0,0,0,0,0,0,0,0,Larynx
s15980,20,2,28,4,8,0,0,0,8,8,4,6,0,0,2,2,2,0,0,0,0,2,0,0,0,0,0,0,96,8,16,2,0,0,12,2,2,0,0,0,0,30,0,0,2,0,0,0,0,10,0,0,6,0,0,0,4,0,12,2,0,2,0,0,0,0,26,0,0,0,0,0,0,0,2,0,Floor_of_mouth
s15981,24,0,222,6,24,0,0,10,14,12,0,18,0,0,4,2,0,0,0,0,0,0,0,0,0,0,0,0,268,10,22,4,6,0,26,2,0,0,0,0,0,20,0,0,2,0,0,0,0,24,0,2,8,0,0,0,12,0,8,0,0,0,0,0,0,0,56,0,0,0,0,0,0,0,0,0,Floor_of_mouth
s15983,14,0,66,2,26,0,0,14,4,6,8,10,0,0,6,2,0,0,0,0,0,0,0,0,0,0,0,0,108,6,26,4,4,0,4,2,2,0,4,4,0,32,0,0,6,2,0,0,0,28,0,0,10,2,0,0,8,0,18,0,0,0,0,0,0,0,14,0,0,0,0,0,0,0,0,0,Floor_of_mouth
s15985,4,0,28,2,16,0,0,8,8,10,8,12,0,0,0,0,2,0,0,0,0,0,0,0,0,0,0,0,164,12,16,2,4,0,6,2,2,0,0,0,0,38,0,0,6,8,2,0,0,12,0,0,28,0,0,0,6,0,32,0,0,0,0,2,0,0,58,0,0,0,0,0,0,0,0,0,Floor_of_mouth
s15986,22,0,56,4,20,0,0,10,12,6,4,6,0,0,6,0,0,2,0,0,0,2,0,0,0,0,0,0,172,8,24,2,0,0,12,8,0,0,0,0,0,44,0,0,8,6,0,0,0,14,0,0,4,2,0,0,12,0,20,0,2,0,0,0,4,0,18,0,0,0,0,0,0,0,0,0,Larynx
s15988,26,0,1602,10,12,0,0,10,16,14,10,20,0,0,6,2,4,2,0,0,0,0,0,2,0,0,0,0,304,12,38,2,2,0,12,0,0,0,0,2,0,54,0,0,8,8,0,0,0,28,0,0,10,2,0,0,20,0,18,0,0,0,0,2,0,0,80,0,0,0,0,0,0,0,0,0,Larynx
s15991,28,0,56,4,2,0,0,12,20,18,10,18,0,0,4,0,0,6,0,0,0,0,0,0,0,0,0,0,348,12,28,0,2,0,18,4,0,0,0,0,0,68,0,0,16,2,0,0,0,26,0,0,18,2,2,0,24,0,28,0,0,0,0,0,0,0,74,0,0,0,0,0,0,0,0,0,Larynx
s15992,30,0,82,14,24,0,0,30,8,20,8,26,0,0,4,0,2,4,0,0,0,0,0,0,0,0,0,0,314,40,46,6,6,0,6,2,2,0,58,0,0,78,0,0,12,18,0,0,0,32,0,0,30,2,0,0,36,0,24,2,2,0,0,0,4,0,242,0,0,0,0,0,0,0,0,0,Larynx
s15994,22,2,18,4,16,0,0,18,6,16,8,26,0,0,4,0,0,4,0,0,0,0,0,0,0,0,0,0,246,12,30,0,6,0,10,2,0,0,0,0,0,72,0,0,4,2,0,0,0,22,0,0,16,4,0,0,22,0,20,2,0,0,0,0,4,0,98,0,0,0,0,0,0,0,0,0,Base_of_tongue
s15995,16,2,52,2,4,0,0,8,14,12,10,18,0,0,4,0,0,0,0,0,0,0,0,2,0,0,0,0,160,6,26,2,4,0,8,2,0,0,0,0,0,34,0,0,8,2,0,0,2,22,0,0,20,0,0,0,14,0,22,2,0,4,0,0,2,0,10,0,0,0,0,0,0,0,0,0,Floor_of_mouth
s15999,2,0,36,2,4,0,0,8,8,12,4,8,0,0,6,0,0,4,0,0,0,0,0,0,0,0,0,2,98,6,32,6,0,0,10,0,0,0,0,0,0,42,0,0,8,0,0,0,0,10,0,0,8,0,0,0,8,0,24,0,0,0,0,2,0,0,34,0,0,0,0,2,0,0,0,0,Larynx
s16001,24,0,112,22,44,0,0,38,6,18,24,24,0,0,2,0,2,6,0,0,0,2,0,0,0,0,0,0,236,20,48,0,8,0,8,0,4,0,0,0,0,130,0,0,16,6,0,0,0,34,0,0,10,2,0,0,52,0,16,0,2,0,0,0,6,0,296,0,0,0,0,0,0,0,0,0,Floor_of_mouth
s16003,60,2,56,12,0,0,2,12,26,10,6,18,0,0,4,0,4,4,0,0,0,0,0,0,0,0,0,0,156,8,26,4,6,0,12,0,2,0,0,0,0,44,0,0,4,10,0,0,2,24,0,0,14,2,0,2,12,0,16,0,0,0,0,2,4,0,94,0,0,0,0,0,0,0,0,0,Larynx
s16006,30,0,42,0,30,0,0,4,14,16,2,28,0,0,6,2,0,2,0,0,0,2,0,0,0,0,0,0,274,4,24,4,0,0,26,2,0,0,0,0,0,54,0,0,6,10,0,0,2,24,0,0,4,2,0,0,6,0,20,2,0,0,0,0,4,0,102,0,0,0,0,0,0,0,0,0,Floor_of_mouth
s16008,20,0,38,4,6,0,0,10,6,8,6,4,0,0,2,0,0,2,0,0,0,2,0,4,0,0,2,0,156,2,16,2,0,0,16,4,2,0,0,2,0,68,0,0,2,8,0,0,0,32,0,0,4,2,0,0,12,0,8,0,0,0,0,0,6,0,96,0,0,0,0,0,0,0,0,0,Floor_of_mouth
s16010,16,0,48,2,0,0,0,4,8,8,8,12,0,0,6,0,8,2,0,0,0,4,0,0,0,0,0,0,190,0,16,2,2,0,12,0,0,0,0,0,0,20,0,0,8,4,0,0,0,20,0,0,6,0,0,0,6,0,10,0,0,0,0,2,2,0,44,0,0,0,0,0,0,0,0,0,Floor_of_mouth
s16011,18,0,38,0,74,0,0,12,10,8,8,6,0,0,4,0,4,0,0,0,0,0,0,0,0,0,0,0,168,14,4,4,0,0,20,4,2,0,0,0,0,54,0,0,0,8,0,0,0,16,0,0,12,0,0,0,10,0,6,0,0,0,0,0,0,0,86,0,0,0,0,0,0,0,0,4,Floor_of_mouth
s16012,0,0,42,2,8,0,0,14,6,2,2,8,0,0,0,0,0,2,0,0,0,0,0,2,0,0,0,0,92,10,8,2,0,0,6,0,0,0,2,0,0,20,0,0,4,8,0,0,0,8,0,0,8,2,0,0,12,0,8,0,0,0,0,2,0,0,22,0,0,0,0,0,0,0,0,0,Larynx
s16013,34,0,58,12,8,0,0,8,12,6,8,12,0,0,6,0,2,2,0,0,0,2,0,2,0,0,0,0,224,2,32,6,0,0,8,2,0,0,2,0,0,46,0,0,4,6,0,0,0,16,0,0,8,0,0,0,14,0,16,0,2,0,0,0,2,0,76,0,0,0,0,0,0,0,0,0,Gum
s16014,16,0,48,6,12,0,0,22,4,14,8,26,0,0,4,0,0,4,0,0,0,0,0,4,0,0,0,0,192,20,58,2,4,0,10,6,0,0,2,0,0,68,0,0,0,8,0,0,0,30,0,0,8,2,0,0,14,0,4,0,0,2,0,2,2,0,104,0,0,0,0,0,0,0,0,0,Floor_of_mouth
s16024,60,0,152,22,106,0,0,78,64,24,40,110,0,0,6,4,0,4,0,0,0,4,0,10,2,0,0,0,430,32,178,8,12,0,0,2,10,0,2,0,0,80,0,0,10,28,0,0,0,46,0,0,0,8,0,4,24,0,32,6,0,0,0,30,2,0,6,0,0,0,0,0,0,0,0,0,Base_of_tongue
s16025,630,10,1810,280,22,0,0,258,368,114,230,1522,0,0,46,22,16,86,0,0,4,10,2,32,2,0,0,0,3602,152,864,138,44,0,0,42,118,0,18,4,6,642,0,0,72,204,10,0,18,342,0,6,46,74,2,96,126,2,104,122,6,78,2,896,14,0,6,0,0,0,0,0,0,2,0,0,Floor_of_mouth
s16026,554,0,1322,64,6,0,2,88,178,58,120,934,0,0,4,0,4,24,0,0,4,2,0,32,2,0,0,0,2276,30,180,78,4,0,4,26,30,0,8,4,2,194,0,0,42,80,4,0,16,136,0,2,24,18,0,38,24,0,52,90,0,16,0,718,10,0,6,0,0,0,0,0,0,0,0,0,Larynx
s16027,50,0,198,34,0,0,0,72,50,34,60,96,0,0,2,2,4,12,0,0,0,2,0,2,0,0,0,0,410,40,152,16,10,0,0,4,14,0,2,4,0,116,0,0,20,18,2,0,2,52,0,0,0,8,0,12,26,2,40,12,2,6,0,44,2,0,2,0,0,0,0,0,0,0,0,0,Floor_of_mouth
s16028,876,4,2338,466,30,0,0,352,768,202,348,2086,0,0,64,28,50,110,0,0,6,12,0,68,4,0,6,0,6246,170,874,228,66,0,2,54,186,0,38,6,8,830,0,0,126,390,22,0,10,452,0,4,142,104,2,116,188,2,150,146,10,166,4,1728,34,2,4,0,0,0,2,0,0,0,0,0,Floor_of_mouth
s16029,58,0,270,32,2,0,0,56,74,20,46,146,0,0,4,2,2,18,0,0,0,4,0,12,2,0,2,0,482,26,176,22,4,0,0,16,6,0,2,0,0,104,0,0,30,46,2,0,0,42,0,2,0,4,0,2,16,0,30,16,2,14,0,66,8,0,2,0,0,0,0,0,0,0,0,0,Larynx
s16032,44,0,212,16,2,0,0,46,26,16,42,132,0,0,0,2,0,10,0,0,0,2,0,0,0,0,0,0,320,38,182,10,8,0,0,8,12,0,2,0,0,60,0,0,18,18,0,0,0,44,0,0,0,8,0,8,24,0,32,6,0,2,0,26,4,0,2,0,0,0,0,0,0,0,0,0,Larynx
s16035,76,0,1696,34,2,0,0,60,54,22,72,144,0,0,6,6,4,4,0,0,0,0,0,4,0,0,6,0,498,40,208,10,4,0,0,6,24,0,0,2,0,114,0,0,12,30,2,0,0,66,0,0,0,6,2,14,22,0,28,4,2,2,0,34,2,0,2,0,0,0,0,0,0,0,0,0,Floor_of_mouth
s16039,2178,4,3634,320,37438,0,2,370,680,154,310,2550,0,0,50,6,28,42,0,0,2,16,0,30,2,0,10,0,6662,204,548,232,28,0,18,68,154,0,38,6,2,518,0,0,110,274,12,0,10,408,0,10,142,68,0,100,112,0,152,198,8,64,0,368,46,0,20,0,0,0,0,0,0,0,0,0,Base_of_tongue
s16043,484,4,1396,238,20,0,0,196,310,98,162,1116,0,0,26,16,10,44,0,0,6,6,0,4,4,0,2,0,2602,98,506,82,24,0,0,42,58,2,14,4,4,424,0,2,38,144,4,0,6,204,0,4,30,46,2,46,72,0,64,80,2,50,4,812,32,0,8,0,0,0,0,0,0,0,0,0,Larynx
s16044,194,0,696,70,8,0,0,180,160,74,208,448,0,0,34,2,20,20,0,0,2,14,0,6,2,0,2,0,1336,98,468,38,28,0,4,30,20,0,32,6,0,240,0,0,76,102,6,0,0,210,0,0,0,16,0,4,68,0,88,10,6,10,0,182,8,0,2,0,0,0,0,0,0,0,0,0,Larynx
s16049,76,0,224,30,0,0,0,64,70,46,76,150,0,0,16,6,2,2,0,0,0,2,0,2,0,0,4,0,522,38,222,18,4,0,0,4,6,0,4,2,0,148,0,0,14,34,4,0,2,84,0,0,0,10,0,6,22,0,34,8,0,8,0,30,6,0,0,0,0,0,0,0,0,0,0,0,Larynx
s16055,56,0,218,18,4,0,0,80,44,30,62,122,0,0,6,2,0,4,0,0,4,4,0,6,4,0,2,0,492,32,180,12,10,0,0,18,16,0,6,0,2,100,0,0,14,32,2,0,0,72,0,2,0,8,0,4,20,0,30,10,0,10,0,38,6,0,4,0,0,0,0,0,0,0,0,0,Floor_of_mouth
s16060,726,10,1768,190,8,0,0,196,456,140,182,1516,0,0,26,20,30,40,0,0,6,0,2,36,4,0,6,0,3808,98,686,152,34,2,2,36,108,0,28,4,2,574,2,0,54,164,8,0,8,292,0,4,56,46,0,112,116,0,102,82,0,80,4,1374,20,0,4,0,0,0,0,0,0,0,0,0,Larynx
s16063,22,0,248,2,8,0,0,10,16,16,4,18,0,0,4,0,4,0,0,0,0,0,2,2,0,0,0,0,280,16,48,0,20,0,14,2,0,0,0,2,0,50,0,0,6,4,0,0,0,38,0,0,8,0,0,0,30,0,20,6,0,0,0,0,2,0,86,0,0,0,0,0,0,0,0,0,Floor_of_mouth
s16067,8,0,40,4,8,0,0,10,4,4,2,6,0,0,2,0,4,0,0,0,0,2,0,0,0,0,2,0,204,14,12,6,4,0,10,4,0,0,0,2,0,44,0,0,6,8,0,0,0,22,0,0,8,0,0,0,8,0,8,0,0,0,0,2,2,0,34,0,0,0,0,0,0,0,0,0,Floor_of_mouth
s16068,20,0,86,4,0,0,0,12,6,6,2,24,0,0,6,0,4,4,0,0,0,0,0,0,0,0,0,0,242,6,42,2,4,0,50,0,0,0,0,2,0,28,0,0,16,18,0,0,0,46,0,0,16,6,2,0,6,0,12,4,0,2,0,2,2,0,66,0,0,0,0,0,0,0,0,0,Larynx
s16075,14,2,72,14,10,0,0,24,20,26,36,38,0,0,6,0,2,4,0,0,0,2,0,0,0,0,0,0,266,16,76,4,6,0,20,6,2,0,4,0,0,96,0,0,10,24,2,0,0,62,0,0,14,2,0,0,30,0,24,0,4,0,0,0,4,0,80,0,0,0,0,0,0,0,0,0,Larynx
s16077,16,0,40,0,20,0,0,6,8,10,6,16,0,0,2,0,0,0,0,0,0,2,0,0,0,0,0,0,122,0,22,4,14,0,12,10,2,0,0,0,0,62,0,0,14,2,0,0,2,16,0,0,6,0,0,0,14,0,16,0,2,0,0,0,2,0,50,0,0,0,0,0,0,0,0,0,Floor_of_mouth
s16080,8,0,34,4,49422,0,0,6,12,8,4,22,0,0,0,0,4,2,0,0,0,0,0,0,0,0,0,0,252,8,18,0,0,0,34,2,0,0,0,0,0,32,0,0,0,6,0,0,0,28,0,0,40,2,0,0,10,0,10,4,0,0,0,4,4,0,56,0,0,0,0,0,0,0,0,0,Base_of_tongue
s16081,22,0,48,8,164,0,0,4,6,6,8,24,0,0,6,0,4,0,0,0,0,0,0,0,0,0,0,0,178,4,24,0,0,0,22,4,2,0,2,2,0,32,0,0,0,0,0,0,0,34,0,0,8,2,0,0,12,0,10,0,0,0,0,0,0,0,66,0,0,0,0,0,0,0,0,0,Floor_of_mouth
s16082,28,2,44,2,308,0,0,4,18,4,12,14,0,0,2,2,8,0,0,0,0,0,0,0,0,0,0,0,220,2,10,2,0,0,26,0,2,0,0,4,0,36,0,0,2,18,0,0,0,28,0,0,22,0,2,0,6,0,4,2,0,2,0,0,0,0,24,0,0,0,0,0,0,0,0,0,Base_of_tongue
s16084,20,0,16,4,0,0,0,10,12,8,8,8,0,0,2,0,0,4,0,0,0,0,0,0,0,0,0,0,120,8,30,2,2,0,6,0,0,0,2,0,0,28,0,0,2,4,0,0,0,10,0,0,6,0,0,0,10,0,6,0,0,0,0,0,2,0,38,0,0,0,0,0,0,0,0,0,Larynx
s16089,12,0,42,6,16,0,0,26,14,26,24,14,0,0,4,0,6,4,0,0,0,0,0,2,2,0,0,0,150,8,84,2,18,0,2,28,4,0,66,0,0,76,0,2,10,6,2,0,0,36,0,0,12,0,2,0,26,0,30,16,0,2,0,0,4,0,124,0,0,0,0,0,0,0,0,0,Larynx
s16091,28,0,74,6,4,0,0,4,8,2,10,22,0,0,0,0,0,0,0,0,0,0,0,0,0,0,0,0,324,4,32,0,4,0,16,0,6,0,0,4,0,34,0,0,0,6,0,0,0,28,0,0,4,0,0,0,22,0,14,0,0,0,0,0,0,0,32,0,0,0,0,0,0,0,0,0,Floor_of_mouth
s16093,30,0,62,8,14,0,0,18,18,20,12,28,0,0,0,0,4,2,0,0,0,2,0,0,0,0,0,0,310,18,32,2,4,0,10,0,2,0,0,0,0,54,0,0,10,4,0,0,0,22,0,0,18,0,2,0,10,0,18,0,0,2,0,2,0,0,56,0,0,0,0,0,0,0,0,0,Larynx
s16098,16,2,42,0,14,0,0,2,10,6,2,24,0,0,4,0,2,2,0,0,0,2,0,0,0,0,0,0,142,2,38,2,4,0,16,0,0,0,0,0,0,36,0,0,4,8,0,0,2,6,0,0,8,0,0,0,14,0,6,0,0,0,0,0,2,0,58,0,0,0,0,0,0,0,0,0,Larynx
s16100,26,0,58,0,10,0,0,48,0,8,16,14,0,0,8,0,0,0,0,0,0,0,0,0,0,0,0,0,208,54,42,4,0,0,10,6,2,0,2,0,0,38,0,0,6,8,0,0,0,20,0,0,10,0,2,0,6,0,14,0,0,0,0,0,0,0,30,0,0,0,0,0,0,0,0,0,Larynx
s16101,12,0,32,8,0,0,0,14,12,0,4,10,0,0,4,0,4,8,0,0,0,0,0,0,0,0,0,0,164,4,18,2,6,0,28,0,2,0,0,0,0,38,0,2,4,2,0,0,0,10,0,0,10,0,2,0,10,0,10,2,0,0,0,0,0,0,90,0,0,0,0,0,0,0,0,0,Base_of_tongue
s16105,18,0,76,4,10,0,0,6,12,6,6,16,0,0,0,0,2,4,0,0,0,0,0,0,0,0,0,0,192,2,14,0,0,0,18,0,0,0,0,0,0,36,0,0,2,8,0,0,0,6,0,0,10,0,0,0,12,0,4,0,0,2,0,0,2,0,44,0,0,0,0,0,0,0,0,0,Floor_of_mouth
s16106,12,2,76,4,28,0,0,14,8,6,12,20,0,0,10,0,0,6,0,0,0,2,0,0,0,0,0,0,276,6,38,2,0,0,4,2,0,0,0,0,0,60,0,0,10,10,0,0,0,26,0,0,10,0,0,0,16,0,26,6,4,2,0,0,0,0,142,0,0,0,0,0,0,0,0,0,Larynx
s16107,8,2,70,4,32,0,0,0,12,14,6,26,2,0,0,0,2,4,0,0,0,0,0,0,0,0,0,0,210,4,24,4,4,0,14,0,2,0,0,0,2,64,0,0,10,8,0,0,0,10,0,2,16,0,4,0,10,0,20,2,0,0,0,0,4,0,46,0,0,0,0,0,0,0,0,0,Larynx
s16108,48,0,108,8,26,0,0,10,16,10,8,34,0,0,2,0,0,2,0,0,0,0,0,2,0,0,0,0,310,14,32,6,2,0,20,4,2,0,0,0,0,54,0,0,8,14,0,0,0,40,0,0,0,2,0,0,26,0,16,0,0,0,0,0,0,0,120,0,0,0,0,0,0,0,0,0,Larynx
s16111,10,0,38,2,2,0,0,4,4,6,6,6,0,0,2,0,4,0,0,0,0,0,0,0,0,0,0,0,148,4,16,4,2,0,12,2,0,0,0,2,0,14,0,0,8,4,0,0,0,14,0,0,6,0,0,0,8,0,4,4,0,0,0,6,0,0,40,0,0,0,0,0,0,0,0,0,Floor_of_mouth
s16112,4,2,26,6,6,0,0,2,4,0,10,12,0,0,2,0,0,2,0,0,0,0,0,0,0,0,0,0,112,2,14,2,4,0,4,2,0,0,0,0,0,26,0,0,0,8,0,0,0,12,0,0,8,0,2,0,4,0,8,2,0,0,0,2,2,0,20,0,0,0,0,0,0,0,0,0,Larynx
s16113,26,2,60,2,16,0,0,16,14,6,6,30,0,0,4,0,0,2,0,0,0,0,0,0,0,0,0,0,248,6,32,12,0,0,6,0,2,0,0,2,0,46,0,0,4,10,0,0,2,36,0,0,10,2,0,0,8,0,22,2,0,0,0,0,4,0,74,0,0,0,0,0,0,0,0,0,Larynx
s16122,16,0,32,0,2,0,0,2,4,6,4,8,0,0,0,0,0,0,0,0,0,0,0,0,0,0,0,0,102,6,12,0,2,0,6,2,2,0,0,0,2,34,0,0,2,4,0,0,0,20,0,0,6,0,0,0,2,0,8,0,0,0,0,0,0,0,10,0,0,0,0,0,0,0,0,0,Larynx
s16123,32,0,26,8,8,0,0,10,6,12,2,4,0,0,4,0,0,0,0,0,0,0,0,0,0,0,0,0,126,12,28,0,2,0,6,4,2,0,0,0,2,38,0,0,10,10,0,0,0,28,0,0,4,0,0,0,8,0,12,2,0,0,0,0,0,0,42,0,0,0,0,0,0,0,2,0,Larynx
s16124,18,0,66,10,26,0,0,24,8,26,16,32,0,0,4,0,4,8,0,0,0,2,0,6,0,0,2,0,348,12,20,0,4,0,16,2,2,0,0,4,0,72,0,2,10,18,0,0,0,34,0,0,6,0,0,0,26,0,24,4,0,2,0,0,2,0,84,0,0,0,0,0,0,0,0,0,Floor_of_mouth
s16129,26,0,190,12,6,0,0,14,12,14,2,18,0,0,4,0,2,2,0,0,0,4,0,2,0,0,0,0,250,6,28,14,4,0,26,0,0,0,6,0,0,54,0,0,6,8,0,0,2,14,0,0,44,2,0,0,6,0,20,0,0,0,0,0,0,0,62,0,0,0,0,0,0,0,0,0,Floor_of_mouth
s16131,30,0,58,4,14,0,0,6,12,14,8,14,0,0,0,0,0,0,0,0,0,2,0,0,0,0,2,2,260,8,20,4,8,0,8,4,0,0,0,4,0,44,0,0,14,6,0,0,0,18,0,0,32,0,0,0,14,0,30,0,0,2,0,2,2,0,132,0,0,0,0,0,0,0,0,0,Gum
s16135,6,0,44,4,4,0,0,18,10,18,2,18,0,0,2,0,4,2,0,0,0,0,0,0,0,0,0,0,162,20,70,0,4,0,10,0,0,0,0,0,0,50,0,0,12,4,0,0,0,42,0,0,28,0,0,0,22,0,24,4,0,2,0,0,6,0,44,0,0,0,0,0,0,0,0,0,Larynx
s16143,14,0,40,14,12,0,0,20,10,14,8,8,0,0,2,0,0,2,0,0,0,2,0,0,0,0,0,0,100,10,40,2,18,0,2,2,2,0,0,0,0,52,0,0,2,6,0,0,0,22,0,0,8,2,0,0,32,0,8,0,0,2,0,0,0,0,32,0,0,0,0,0,0,0,0,0,Larynx
s16149,24,4,62,0,16,0,0,26,12,20,10,16,0,0,2,0,2,2,0,0,0,0,0,0,0,0,0,0,178,12,18,2,6,0,22,4,2,0,4,0,0,46,0,0,10,4,0,0,0,26,0,0,12,0,0,0,10,0,18,0,0,0,0,0,0,0,120,0,0,0,0,0,0,0,0,0,Floor_of_mouth
s16151,28,2,28,6,12,0,0,8,4,12,2,6,0,0,0,0,0,2,0,0,0,0,0,0,0,0,0,0,152,2,24,0,4,0,18,2,0,0,0,0,0,32,0,0,8,12,0,0,0,16,0,0,10,0,2,0,10,0,14,0,0,0,0,0,0,0,38,0,0,0,0,0,0,0,0,0,Larynx
s16152,8,0,28,0,24,0,0,0,4,10,2,4,0,0,0,0,2,0,0,0,0,6,0,0,0,0,0,0,78,6,20,2,4,0,0,0,2,0,2,4,0,42,0,0,2,4,0,0,0,10,0,0,10,0,0,0,6,0,4,0,0,0,0,6,0,0,54,0,0,0,0,0,0,0,0,0,Base_of_tongue
s16155,30,0,54,4,22,0,0,16,10,18,16,20,0,0,4,0,2,0,0,0,0,0,0,2,0,0,0,0,128,6,30,6,2,0,6,8,0,0,4,2,0,76,0,0,4,8,0,0,0,30,0,0,8,0,0,2,30,0,8,0,0,0,0,2,2,0,156,0,0,0,0,0,0,0,0,0,Floor_of_mouth
s16156,16,0,90,6,12,0,0,14,0,8,12,18,0,0,6,0,0,4,0,0,0,2,0,0,0,0,0,0,140,12,36,6,2,0,14,2,2,0,2,0,0,78,0,0,2,8,0,0,0,18,0,0,4,0,0,0,8,0,14,0,0,0,0,0,2,0,180,0,0,0,0,2,0,0,0,0,Larynx
s16157,14,0,32,4,8,0,0,2,6,8,6,10,0,0,6,0,2,0,0,0,0,0,0,2,0,0,0,0,98,4,14,4,0,0,10,0,2,0,0,2,0,20,0,0,0,4,0,0,0,12,0,0,4,0,2,0,6,0,16,0,0,4,0,0,0,0,38,0,0,0,0,0,0,0,0,0,Floor_of_mouth
s16158,2,0,24,0,34,0,0,2,8,8,2,8,0,0,2,0,0,0,0,0,0,0,0,8,0,0,0,0,156,6,20,0,10,0,0,6,0,0,0,0,2,32,0,0,6,0,0,0,0,26,0,0,6,0,0,0,24,0,6,0,0,0,0,0,0,0,34,0,0,0,0,0,0,0,0,0,Larynx
s16160,10,0,30,0,8,0,0,6,8,16,4,18,0,0,0,0,0,0,0,0,0,0,0,0,0,0,0,0,176,12,20,4,6,0,2,0,0,0,0,0,2,28,0,0,4,10,0,0,0,20,0,0,0,0,0,0,4,0,8,0,0,4,0,0,0,0,28,0,0,0,0,0,0,0,0,0,Larynx
s16163,1160,6,1270,380,1910,0,2,110,678,78,52,1238,0,0,10,28,42,72,0,0,12,4,4,26,8,0,0,0,5970,34,44,378,32,0,4,30,40,0,14,6,2,448,0,2,58,658,102,0,0,166,0,4,0,100,2,66,66,0,54,64,2,356,0,1580,10,2,24,0,0,0,0,0,0,0,0,0,Base_of_tongue
s16165,920,6,1074,250,4,2,2,102,582,74,58,1020,0,0,20,10,56,46,0,0,8,0,0,24,2,0,4,0,5214,34,42,342,14,0,0,12,42,0,22,2,4,378,2,2,32,568,66,0,10,90,0,16,0,132,0,82,34,0,30,52,4,278,4,808,24,12,28,0,0,0,0,0,0,0,0,0,Gum
s16171,1232,2,1782,182,18,0,4,250,478,112,272,1390,0,0,32,12,22,36,2,0,4,8,0,70,4,0,8,0,4638,118,452,178,20,0,8,28,146,0,20,2,6,452,2,0,94,164,6,0,20,276,0,6,118,60,0,58,114,2,126,190,6,68,2,940,28,0,10,0,0,0,0,0,0,0,0,0,Larynx
s16176,56,0,196,28,4,0,0,46,40,28,40,118,0,0,10,0,0,12,0,0,0,2,0,0,0,0,2,0,332,32,146,6,2,0,0,12,8,0,2,0,0,92,0,0,18,20,2,0,2,58,0,2,0,2,0,4,18,0,38,4,0,4,0,26,0,0,2,0,0,0,0,0,0,0,0,0,Larynx
s16177,1534,10,2856,378,26,0,0,364,606,192,262,1940,0,0,30,24,20,58,0,0,6,14,0,38,8,0,6,0,5508,206,908,280,30,0,2,46,148,0,30,4,4,952,0,0,108,308,10,0,6,446,0,8,36,94,0,120,206,0,196,190,0,90,4,1366,26,2,42,0,0,0,0,0,0,0,0,0,Larynx
s16182,76,0,232,48,2,0,0,90,62,8,76,158,0,0,22,0,8,14,0,0,4,0,0,6,0,0,0,0,528,52,192,22,18,0,0,6,18,0,6,0,0,148,0,0,40,42,0,0,0,82,0,0,0,8,4,18,30,0,38,6,4,10,0,14,4,0,0,0,0,0,0,0,0,0,0,0,Larynx
s16183,246,0,746,46,4,0,0,180,150,56,176,594,0,0,22,0,8,12,0,0,2,10,0,0,0,0,4,0,1488,68,272,38,8,0,2,30,14,0,14,0,0,206,0,0,64,82,0,0,2,142,0,0,0,16,0,2,40,0,82,28,2,16,0,76,8,0,6,0,0,0,0,0,0,0,0,0,Larynx
s16184,56,0,200,40,2468,0,0,94,60,26,52,108,0,0,4,2,2,4,0,0,0,4,0,8,0,0,2,0,456,44,224,26,4,0,0,4,14,0,6,0,2,92,0,0,12,36,0,0,2,66,0,0,0,4,0,8,28,0,36,6,2,6,0,54,4,0,0,0,0,0,0,0,0,0,0,0,Larynx
s16185,74,0,282,32,2,0,0,50,76,26,50,138,0,0,2,0,0,10,0,0,2,0,0,4,2,0,0,0,424,28,224,12,6,0,0,6,20,0,4,0,0,106,0,0,14,32,4,0,0,62,0,0,0,6,0,10,22,0,44,6,2,6,0,34,4,0,2,0,0,0,0,0,0,0,0,0,Floor_of_mouth
s16192,1460,6,2826,402,50,0,0,516,706,362,420,2000,0,2,46,48,42,140,0,0,8,28,0,68,14,0,6,2,6968,228,2880,224,42,0,4,72,172,0,30,10,12,1592,2,2,134,384,16,0,16,770,0,2,122,118,4,98,204,0,406,142,8,138,10,2150,40,0,12,0,0,0,0,0,0,0,0,0,Larynx
s16194,60,0,206,26,6,0,0,70,54,36,64,144,0,0,8,4,2,10,0,0,0,2,0,8,2,0,0,0,496,30,156,20,10,0,2,14,12,0,0,0,0,100,0,0,20,22,4,0,2,72,0,0,0,6,0,16,18,0,34,2,0,12,2,80,4,0,2,0,0,0,0,0,0,0,0,0,Base_of_tongue
s16196,1180,4,2222,422,48,0,0,370,630,218,306,1690,0,0,54,24,18,66,0,0,4,16,0,6,2,0,14,0,5494,194,954,178,54,0,10,56,158,0,22,4,2,892,2,2,110,350,14,0,26,410,0,2,94,88,2,126,208,4,176,118,6,70,6,1894,42,0,16,0,0,0,0,2,0,0,0,0,Larynx
s16211,50,12,88,10,32,0,0,20,24,8,2,26,0,0,4,0,8,0,0,0,0,0,0,0,0,0,0,0,324,8,16,4,4,0,36,2,0,0,2,0,0,78,0,0,10,16,0,0,0,18,0,0,32,6,0,0,18,0,14,2,0,0,2,2,0,0,84,0,0,0,0,0,0,0,0,0,Floor_of_mouth
s16215,4,2,88,6,146,0,0,20,10,14,16,12,0,0,2,0,0,4,0,0,0,0,0,0,0,0,0,0,272,8,62,8,6,0,10,4,2,0,6,0,0,58,0,0,10,4,0,0,0,30,0,0,10,4,0,0,30,0,32,4,0,0,0,10,0,0,144,0,0,0,0,0,0,0,0,0,Larynx
s16217,82,14,816,12,24,0,0,18,46,22,6,54,0,0,8,0,22,6,0,0,0,0,0,0,0,0,2,0,516,20,30,22,4,0,120,6,0,0,2,0,0,76,0,2,22,16,0,0,2,84,0,0,16,6,2,0,20,0,32,4,0,2,0,0,4,0,138,0,0,0,0,0,0,0,0,0,Larynx
s16218,48,0,80,20,4,0,0,12,26,14,6,42,0,0,2,0,6,0,0,0,0,0,0,6,0,0,0,0,428,10,30,14,2,0,38,6,0,0,0,0,0,70,0,0,8,16,0,0,0,70,0,0,16,0,0,0,16,0,18,4,0,0,0,4,2,0,162,0,0,0,0,0,0,0,0,0,Larynx
s16219,36,0,76,10,6,0,0,12,10,10,8,38,0,0,10,0,4,0,0,0,0,4,0,0,0,0,0,0,298,16,30,4,2,0,20,8,2,0,2,0,0,60,0,0,20,16,0,0,0,48,0,0,4,0,0,0,16,0,18,6,0,0,0,4,0,0,90,0,0,0,0,0,0,0,0,0,Larynx
s16221,18,0,74,6,38,0,0,18,14,10,12,14,0,0,4,2,2,4,0,0,0,0,0,0,0,0,0,0,264,14,42,4,6,0,28,2,2,0,0,2,0,70,0,0,2,16,0,0,0,30,0,0,10,2,2,0,14,0,14,0,0,0,0,0,2,0,88,0,0,0,0,0,0,0,0,0,Larynx
s16222,28,0,68,8,22,0,0,14,2,14,2,22,0,0,8,0,0,0,0,0,0,2,0,0,0,0,0,0,148,12,34,6,6,0,20,0,0,0,0,2,0,60,0,0,6,18,0,0,0,34,0,0,8,0,0,0,8,0,12,2,0,0,0,4,0,0,86,0,0,0,0,0,0,0,0,0,Larynx
s16223,16,0,18,0,28,0,0,2,6,6,6,18,0,0,12,0,2,2,0,0,0,0,0,0,0,0,0,0,190,14,26,0,0,0,12,0,0,0,0,0,0,30,0,0,10,10,0,0,0,18,0,0,10,0,0,0,10,0,8,0,0,0,0,4,2,0,52,0,0,0,0,0,0,0,0,0,Larynx
s16233,14,0,76,4,16,0,0,14,4,16,6,18,0,0,6,0,4,0,0,0,0,0,0,0,0,0,0,0,172,8,38,2,4,0,8,0,4,0,0,2,0,52,0,0,6,10,0,0,0,22,0,0,8,2,0,0,12,0,8,0,0,0,0,0,0,0,18,0,0,0,0,0,0,0,0,0,Larynx
s16234,48,4,70,14,32,0,0,22,10,10,10,40,0,0,14,4,2,2,0,0,0,0,0,0,0,0,0,0,270,8,26,10,4,0,14,0,2,0,4,0,0,48,0,2,14,8,0,0,0,20,0,0,14,0,0,0,10,0,12,0,0,0,0,0,2,0,88,0,0,0,0,0,0,0,0,0,Floor_of_mouth
s16237,20,2,50,4,4,0,0,22,16,8,6,42,0,0,8,0,4,0,0,0,0,0,0,0,0,0,0,0,272,4,54,6,2,0,8,0,0,0,0,0,0,74,0,0,8,6,0,0,0,38,0,0,10,4,0,0,22,0,14,0,0,4,0,2,2,0,62,0,0,0,0,0,0,0,0,0,Larynx
s16238,14,0,30,4,6,0,0,4,0,4,0,4,0,0,2,0,0,0,0,0,0,0,0,0,0,0,0,0,150,10,8,2,0,0,4,0,2,0,0,2,0,24,0,0,0,2,0,0,0,12,0,0,4,0,0,0,0,0,6,2,0,0,0,2,2,0,48,0,0,0,0,0,0,0,0,0,Larynx
s16240,26,0,72,16,4,0,0,20,40,16,4,28,0,0,4,0,0,2,0,0,0,2,0,0,0,0,2,0,352,14,36,6,4,0,16,4,0,0,2,2,0,76,0,0,4,20,0,0,0,36,0,0,8,0,0,0,14,0,16,0,0,0,0,0,2,0,12,0,0,0,0,0,0,0,0,0,Larynx
s16241,30,2,56,2,41546,0,0,8,8,10,6,16,0,0,6,0,2,0,0,0,0,0,0,0,0,0,0,0,220,2,24,4,8,0,6,2,0,0,0,2,0,40,0,0,8,8,0,0,0,24,0,0,14,10,2,0,14,0,14,0,0,0,0,0,0,0,54,0,0,0,0,0,0,0,0,0,Base_of_tongue
s16242,16,2,40,14,8,0,0,26,12,16,6,20,0,0,10,0,2,0,0,0,2,0,0,0,0,0,0,0,338,28,50,0,6,0,12,4,0,0,2,2,0,60,0,0,10,14,0,0,0,26,0,0,0,2,0,0,22,0,26,0,0,0,0,0,2,0,76,0,0,0,0,0,0,0,0,0,Larynx
s16244,22,2,54,0,0,0,0,10,8,6,2,20,0,0,4,0,0,2,0,0,0,0,0,0,0,0,0,0,238,0,22,4,4,0,14,2,0,0,2,4,0,20,0,0,2,2,0,0,0,14,0,0,0,0,0,0,8,0,8,0,0,0,0,0,6,0,64,0,0,0,0,0,0,0,0,0,Floor_of_mouth
s16249,10,0,60,12,0,0,0,12,10,24,2,24,0,0,6,0,6,2,0,0,0,0,0,0,0,0,0,0,224,4,22,2,0,0,6,4,0,0,2,2,0,48,0,0,8,2,0,0,6,34,0,0,14,0,2,0,24,0,18,0,0,0,0,0,4,0,86,0,0,0,0,0,0,0,0,0,Larynx
s16250,18,0,68,4,10,0,0,12,10,14,6,24,0,0,8,0,0,0,0,0,0,0,0,0,0,0,0,0,196,4,30,2,2,0,20,0,2,0,2,0,0,62,0,0,4,0,0,0,0,24,0,0,12,0,0,0,8,0,20,0,2,2,2,2,0,0,86,0,0,0,0,0,0,0,0,0,Larynx
s16252,32,0,56,4,12590,0,0,24,20,12,14,36,0,0,4,0,2,2,0,0,0,0,0,0,0,0,0,0,258,12,62,8,6,0,6,10,10,0,0,0,0,64,0,0,6,4,0,0,2,42,0,0,14,0,2,0,16,0,24,10,0,0,0,2,0,0,64,0,0,0,0,0,0,0,0,0,Base_of_tongue
s16254,28,4,36,6,4,0,0,12,18,4,4,22,0,0,10,0,0,0,0,0,0,0,0,0,0,0,0,0,252,6,24,4,4,0,38,4,0,0,0,0,0,42,0,0,4,6,0,0,0,22,0,0,2,0,0,0,12,0,14,0,0,0,0,0,4,0,44,0,0,0,0,0,0,0,0,0,Larynx
s16260,30,2,82,4,0,0,0,4,20,6,2,18,0,0,6,0,2,0,0,0,0,0,0,0,0,0,0,0,226,2,24,2,2,0,16,0,0,0,0,0,0,52,0,0,2,6,0,0,0,28,0,0,18,0,2,0,14,0,4,2,0,2,0,2,0,0,76,0,0,0,0,0,0,0,0,0,Larynx
s16263,12,0,18,0,26668,0,0,6,8,6,4,20,0,0,2,0,2,2,0,0,0,0,0,0,0,0,0,0,210,8,20,8,4,0,10,0,0,0,0,2,0,30,0,0,2,6,0,0,0,14,0,0,16,2,0,0,12,0,8,0,0,0,0,2,2,0,28,0,0,0,0,0,0,0,0,0,Larynx
s16266,14,0,38,10,14,0,0,16,14,2,2,8,0,0,2,0,2,0,0,0,0,2,0,0,0,0,0,0,160,4,18,2,0,0,24,2,2,0,0,0,0,26,0,0,2,6,0,0,0,10,0,0,6,4,0,0,6,0,10,0,0,0,0,0,0,0,24,0,0,0,0,0,0,0,0,0,Gum
s16271,104,0,36,122,24,0,0,18,24,8,2,12,0,0,2,0,2,2,0,0,0,0,0,0,0,0,0,0,270,10,14,0,0,0,22,2,0,0,2,0,0,36,0,0,0,0,0,0,0,16,0,0,84,2,0,0,14,0,10,0,0,2,0,0,2,0,122,0,0,0,0,0,0,0,0,0,Larynx
s16275,42,0,42,14,29228,0,0,18,4,6,8,28,0,0,2,0,2,2,0,0,0,0,0,0,0,0,2,0,262,8,36,0,8,0,10,0,2,0,6,0,0,100,0,0,4,2,0,0,2,40,0,0,16,2,0,0,16,0,16,0,0,2,0,0,0,0,38,0,0,0,0,0,0,0,0,0,Gum
s16276,16,0,64,2,12,0,0,20,8,10,14,10,0,0,6,0,0,2,0,0,0,0,0,0,0,0,2,0,136,4,20,2,4,0,4,2,0,0,0,0,2,40,0,0,2,10,0,0,0,10,0,0,18,2,2,0,18,0,14,0,0,0,0,0,4,0,16,0,0,0,0,0,0,0,0,0,Floor_of_mouth
s16277,10,0,84,16,8,0,0,32,16,26,14,32,0,0,2,0,2,4,0,0,0,0,0,0,0,0,0,0,272,10,56,2,10,0,6,2,0,0,22,0,0,68,0,0,12,8,0,0,0,20,0,0,20,0,2,0,22,0,14,0,0,2,0,0,4,0,128,0,0,0,0,0,0,0,56,0,Larynx
s16281,32,2,44,4,0,0,0,10,6,12,0,18,0,0,2,0,4,0,0,0,0,0,0,0,0,4,0,0,160,2,18,6,10,0,18,0,2,0,0,0,2,36,0,0,2,18,0,0,0,12,0,0,28,4,2,0,20,0,16,0,0,0,0,2,2,0,48,0,0,0,0,0,0,0,0,0,Floor_of_mouth
s16282,18,0,54,6,174,0,0,14,12,22,6,14,0,0,4,0,2,2,0,0,0,0,0,0,0,0,0,0,262,10,24,8,2,0,14,6,2,0,2,0,0,68,0,0,14,6,0,0,0,16,0,0,16,0,0,0,18,0,8,0,0,0,0,0,0,0,50,0,0,0,0,0,0,0,0,0,Larynx
s16283,10,0,56,6,6,0,0,8,8,8,4,10,0,0,8,0,0,2,0,0,0,2,0,0,0,0,0,0,156,2,26,2,4,0,14,0,0,0,0,0,0,42,0,0,6,4,0,0,0,20,0,0,12,0,0,0,8,0,18,0,2,0,0,0,4,0,116,0,0,0,0,0,0,0,0,0,Larynx
s16284,12,0,70,2,0,0,0,12,10,16,4,8,0,0,2,0,0,0,0,0,0,0,0,0,0,0,0,0,104,14,24,4,0,0,0,4,4,0,0,0,0,48,0,0,0,2,0,0,0,12,0,0,4,2,0,0,8,0,10,0,0,0,0,0,2,0,14,0,0,0,0,0,0,0,0,0,Larynx
s16288,12,0,80,4,22,0,0,12,10,10,16,12,0,0,2,0,2,0,0,0,0,2,0,4,0,0,2,0,126,12,34,2,2,0,6,2,2,0,0,0,0,68,0,0,2,0,0,0,0,36,0,0,8,0,0,0,28,0,14,0,0,0,0,0,6,0,70,0,0,0,0,0,0,0,0,0,Larynx
s16291,14,0,88,10,86,0,0,54,24,26,22,20,0,0,4,2,0,4,0,0,0,4,0,6,0,0,0,0,136,54,154,6,38,0,0,8,2,0,0,0,0,122,0,0,12,16,0,0,0,50,0,0,26,2,2,0,36,0,18,0,0,0,0,2,8,0,100,0,0,0,0,0,0,0,0,0,Floor_of_mouth
s16293,28,0,82,12,28,0,0,40,18,28,26,38,0,0,10,0,4,2,0,0,0,0,0,0,0,0,0,0,370,28,98,2,8,0,4,6,0,0,4,0,0,118,0,2,2,6,0,0,0,46,0,0,2,0,6,0,36,0,26,2,0,0,0,0,4,0,378,0,0,0,0,0,0,0,0,0,Larynx
s16296,18,0,626,6,4,0,0,10,10,12,6,14,0,0,4,0,6,0,0,0,0,0,0,2,0,0,0,0,200,14,32,2,2,0,18,10,4,0,2,0,0,44,0,0,6,10,0,0,0,30,0,0,6,0,0,0,14,0,18,2,0,0,0,2,4,0,98,0,0,0,0,0,0,0,0,0,Larynx
s16297,18,2,74,2,2,0,0,10,6,8,8,20,0,0,6,2,0,2,0,0,0,0,0,2,0,0,0,0,192,4,26,2,2,0,20,2,0,0,0,2,0,42,0,4,8,4,0,0,0,20,0,0,6,0,2,0,10,0,22,6,0,0,0,0,6,0,72,0,0,0,0,0,0,0,0,0,Floor_of_mouth
s16298,52,0,36,6,14,0,0,10,8,14,4,12,0,0,12,0,2,6,0,0,0,0,0,0,0,0,0,0,262,10,30,4,0,0,36,0,0,0,0,0,0,46,0,0,6,2,0,0,2,44,0,0,20,0,0,0,6,0,6,0,0,0,0,2,2,0,318,0,0,0,0,0,0,0,0,0,Floor_of_mouth
s16299,12,0,56,6,6,0,0,14,2,8,6,6,0,0,6,0,0,2,0,0,0,2,0,0,0,0,0,0,146,16,28,2,4,0,14,4,2,0,0,4,0,42,0,0,6,2,0,0,0,22,0,0,6,0,4,0,8,0,20,2,0,0,0,0,0,0,42,0,0,0,0,0,0,0,0,0,Floor_of_mouth
s16300,14,0,62,0,8,0,0,2,6,2,12,8,0,0,4,0,4,4,0,0,0,0,0,0,0,0,0,0,106,8,18,0,6,0,6,4,0,0,0,0,0,34,0,0,4,8,0,0,0,6,0,0,12,0,0,0,10,0,10,0,0,2,0,0,2,0,36,0,0,0,0,0,0,0,0,0,Gum
s16305,36,0,40,4,14076,0,0,2,6,8,4,16,0,0,2,0,6,2,0,0,0,2,0,0,0,0,0,0,104,10,16,2,2,0,18,2,0,0,0,0,0,48,0,0,4,14,0,0,2,22,0,0,8,4,0,0,0,0,8,0,0,0,0,2,0,0,158,0,0,0,0,0,0,0,0,0,Base_of_tongue
s16308,8,0,22,6,2,0,0,2,8,8,0,2,0,0,0,0,2,0,0,0,0,2,0,2,0,0,0,0,72,0,8,0,0,0,6,0,0,0,2,0,0,20,0,0,2,8,0,0,0,10,0,0,0,0,0,0,2,0,4,2,0,0,0,0,0,0,62,0,0,0,0,0,0,0,0,0,Larynx
s16309,20,0,98,6,22,0,0,12,12,8,4,14,0,0,4,0,0,0,0,0,0,2,0,4,0,0,2,0,136,4,18,2,0,0,4,0,0,0,0,2,0,30,0,0,8,0,0,0,0,8,0,0,2,2,0,0,14,0,8,2,0,0,0,0,0,0,30,0,0,0,0,0,0,0,0,0,Larynx
s16313,284,0,362,64,79826,0,2,26,188,34,14,362,0,0,10,4,26,8,0,0,2,0,0,6,2,0,0,0,1826,6,54,62,4,0,0,2,16,0,4,2,2,114,0,0,14,146,8,0,0,38,2,0,0,20,0,30,20,0,6,30,0,50,2,342,2,4,12,0,0,0,0,0,0,0,0,0,Base_of_tongue
s16315,84,4,244,40,0,0,0,54,78,14,54,206,0,0,8,2,0,8,0,0,0,2,0,10,0,0,2,0,486,42,166,30,8,0,0,6,8,0,8,0,2,104,2,0,26,52,4,0,0,72,0,0,0,12,0,4,24,0,26,6,0,8,0,42,4,0,0,0,0,0,0,0,0,0,0,0,Base_of_tongue
s16317,88,2,256,32,0,0,0,44,78,24,58,186,0,0,18,4,4,8,0,0,0,2,2,14,0,0,2,0,520,68,178,16,12,0,0,6,10,0,8,0,0,120,0,0,32,24,0,0,0,92,0,0,0,0,0,10,32,0,36,6,0,18,0,44,2,0,0,0,0,0,0,0,0,0,0,0,Larynx
s16318,710,6,1572,220,12,0,0,186,258,90,206,1280,0,0,30,12,16,28,0,0,4,12,0,4,4,0,2,0,2980,92,396,164,30,0,0,48,90,0,12,4,2,486,0,0,42,142,10,0,2,192,0,6,22,58,0,90,98,2,106,84,6,46,2,900,36,0,10,0,0,0,0,0,0,0,0,0,Floor_of_mouth
s16319,1436,10,2800,358,38,0,4,452,656,274,362,2200,0,0,60,48,24,122,0,0,4,24,0,48,4,0,4,2,6616,196,2556,214,48,2,4,66,158,0,32,0,4,1462,0,2,144,296,20,0,10,702,0,10,62,136,2,112,190,0,240,158,8,126,4,1208,50,2,14,0,0,0,0,0,0,2,0,0,Floor_of_mouth
s16324,46,0,202,30,4,0,0,52,76,28,44,132,0,0,8,4,4,8,0,0,4,0,2,6,0,0,4,0,474,36,170,18,4,0,0,14,14,0,4,0,0,120,0,0,14,40,0,0,2,70,0,0,0,14,2,8,20,0,38,6,0,4,0,28,4,4,0,0,0,0,0,0,0,0,0,0,Larynx
s16334,116,0,354,52,4,0,0,146,100,46,128,206,0,0,12,2,2,26,0,0,0,4,0,6,4,0,4,0,868,58,322,18,12,0,0,30,10,0,0,4,0,210,0,0,56,66,2,0,0,136,0,2,0,4,2,10,38,0,78,6,0,12,0,126,8,0,2,0,0,0,0,0,0,0,0,0,Larynx
s16343,1068,6,3164,364,4,0,0,352,682,220,300,2740,0,0,48,32,34,78,0,2,4,8,2,58,0,0,4,0,6242,132,834,256,64,0,2,60,154,0,38,8,12,992,0,0,118,338,20,0,14,440,0,22,36,108,2,128,228,0,180,144,4,114,4,1464,42,10,16,0,0,0,0,0,0,0,0,0,Floor_of_mouth
s16345,1164,42,2752,278,52,0,2,310,572,192,318,2036,0,0,42,30,40,74,0,0,10,4,0,84,8,0,4,0,5442,180,766,190,42,2,12,40,152,0,22,0,2,698,0,4,76,268,16,0,16,348,0,4,34,96,0,106,158,2,164,156,4,104,2,2058,28,0,16,0,2,0,0,0,0,0,0,0,Larynx
s16351,24,0,40,0,2,0,0,6,10,4,2,14,0,0,6,0,0,2,0,0,0,0,0,0,0,0,0,0,202,2,20,0,2,0,8,0,0,0,0,2,0,56,0,0,10,6,0,0,0,20,0,0,8,0,0,0,10,0,10,0,2,0,0,0,4,0,24,0,0,0,0,0,0,0,0,0,Larynx
s16353,28,4,48,4,4,0,0,14,16,12,16,16,0,0,2,0,0,2,0,0,0,0,0,0,0,0,0,0,190,6,20,2,4,0,4,6,2,0,2,2,0,70,0,0,6,0,0,0,0,26,0,0,10,0,0,0,6,0,12,0,0,2,0,2,2,0,34,0,0,0,0,0,0,0,0,0,Larynx
s16357,74,8,98,14,56,0,0,28,36,24,8,36,0,0,8,0,4,4,0,0,0,2,0,2,0,0,0,2,588,10,38,10,4,0,52,2,0,0,2,0,0,78,0,4,8,14,0,0,0,54,0,0,122,2,2,0,20,0,22,4,2,0,0,2,0,0,58,0,0,0,0,0,0,0,0,0,Larynx
s16370,22,0,90,4,98,0,4,26,16,34,24,24,0,0,2,0,0,0,0,0,0,2,0,0,0,0,0,0,246,20,78,0,14,0,4,14,4,0,6,0,0,88,0,0,20,4,0,0,0,40,0,0,22,0,0,0,40,0,28,0,2,0,0,0,4,0,94,0,0,0,0,0,0,0,0,0,Floor_of_mouth
s16373,34,0,78,12,22,0,0,8,10,14,2,8,0,0,6,0,2,0,0,0,0,2,0,2,0,0,0,0,260,16,30,4,10,0,8,8,2,0,0,0,0,64,0,0,14,0,0,0,0,18,0,0,14,0,0,0,18,0,22,0,0,2,0,0,0,0,118,0,0,0,0,0,0,0,0,0,Base_of_tongue
s16376,22,2,32,0,8,0,0,8,12,12,2,12,0,0,2,0,0,0,0,0,0,2,0,0,0,0,0,0,178,4,24,4,2,0,6,2,2,0,0,4,0,34,0,2,2,12,0,0,0,18,0,0,10,2,0,0,10,0,4,0,0,0,0,2,4,0,18,0,0,0,0,0,0,0,0,0,Base_of_tongue
s16378,16,0,40,0,10,0,0,10,10,6,10,10,0,0,2,0,2,2,0,0,0,0,0,0,0,0,0,0,144,6,24,0,2,0,8,4,0,0,2,2,2,56,0,0,8,2,0,0,0,22,0,0,2,0,0,0,12,0,12,0,0,0,0,0,2,0,32,0,0,0,0,0,0,0,0,0,Floor_of_mouth
s16382,30,0,74,12,10,0,0,48,12,22,14,22,0,0,8,0,4,4,0,0,0,0,0,2,0,0,0,0,246,12,74,2,6,0,14,12,2,0,0,2,0,104,0,0,6,24,0,0,0,36,0,0,8,0,0,0,36,0,24,0,2,0,2,0,2,0,328,0,0,0,0,0,0,0,0,0,Floor_of_mouth
s16383,18,4,60,4,14,0,0,10,4,14,6,14,0,0,0,0,2,0,0,0,0,2,0,0,0,0,0,0,160,4,32,0,4,0,22,2,0,0,0,0,0,40,0,0,4,16,0,0,0,18,0,0,8,0,0,0,18,0,16,0,0,0,0,2,0,0,18,0,0,0,0,0,0,0,0,0,Floor_of_mouth
s16386,16,0,28,2,20,0,0,10,16,8,4,8,0,0,4,0,0,0,0,0,0,0,0,2,0,0,0,0,68,6,18,0,0,0,4,4,0,0,0,0,0,32,0,0,0,8,0,0,0,18,0,0,8,0,0,0,6,0,20,0,2,0,0,2,0,0,66,0,0,0,0,0,0,0,0,0,Floor_of_mouth